time,open,high,low,close,R1 — цена на шкале,R2 — цена на шкале,S1 — цена на шкале,S2 — цена на шкале,Forecast T1,Estimated Structural SL,EMA Fast,EMA Slow,L WATCH label,S WATCH label,LONG ARMED label,SHORT ARMED label,LONG PINE READY label,SHORT PINE READY label,LONG BOUNCE WATCH label,SHORT BOUNCE WATCH label,LONG REVERSAL RISK warning,SHORT REVERSAL RISK warning,LONG T1 label,SHORT T1 label,direction,Volume,Open Interest,Open Interest (Open),Open Interest (High,Open Interest (Low),Open Interest (Close),Type 1 - OI Delta,Type 2 - OI Delta (+),Type 2 - OI Delta (-),CVD (Open),CVD (High,CVD (Low),CVD (Close)
1788910200,62.31,62.64,62.18,62.46,62.73,65.025,61.29,49.21,59.790794788302335,62.89147049813609,,,0,0,0,0,0,0,0,0,0,0,,,-1,2612.15,,168135.84,168951.18,168125.04,168445.7,-1804.564000000013,,,-33460.28,-32200.53,-33492.299999999996,-32349.91
1788912000,62.46,63.47,62.46,63.19,65.025,65.97,61.29,49.21,59.60366164699313,63.63436546255494,,,0,0,0,0,0,0,0,0,0,0,,,-1,5739.19,,168451.06,169438.87,168330.38,169433.66,2157.9279999999562,,,0,3650.17,0,3582.8100000000004
1788913800,63.19,63.45,62.89,63.14,65.025,65.97,61.29,49.21,59.79819226373423,63.630625072372446,,,0,0,0,0,0,0,0,0,0,0,,,1,2988.58,,169433.9,169436.28,169029.46,169330.88,-80.88899999996647,,,3582.8100000000004,3651.6000000000004,2288.4100000000008,2288.4100000000008
1788915600,63.14,63.21,62.02,62.16,65.025,65.97,61.29,49.21,59.74983293396701,62.89615185291727,,,0,0,0,0,0,0,0,0,0,0,,,1,3403.12,,169330.24,169330.24,168555.96,168570.87,1615.8699999999953,,,2288.4100000000008,2288.4100000000008,567.3400000000008,1009.8900000000008
1788917400,62.16,63.06,62.12,62.87,63.47,65.025,61.29,49.21,59.736177842040306,63.63771243485175,,,0,0,0,0,0,0,0,0,0,0,,,1,3533.96,,168600.84,168692.42,168233.02,168533.44,909.594000000041,,,1009.8900000000008,1554.3900000000008,944.0300000000009,1235.950000000001
1788919200,62.87,63.04,62.08,62.26,63.47,65.025,61.29,49.21,59.720998113822645,63.63944726093377,,,0,0,0,0,0,0,0,0,0,0,,,1,2853.13,,168532.52,168715.7,168349.09,168647.04,-1379.4210000000894,,,1235.950000000001,1400.420000000001,-301.7999999999986,-301.7999999999986
1788921000,62.26,62.39,61.95,61.97,63.47,65.025,61.29,49.21,59.77190265190625,63.6336295994385,,,0,0,0,0,0,0,0,0,0,0,,,1,2108.86,,168646.24,168831.62,168259.94,168259.94,557.375,,,-301.7999999999986,-136.56999999999857,-785.4399999999986,-785.4399999999986
1788922800,61.97,62.71,61.52,61.66,63.47,65.025,61.29,49.21,59.659661646993136,63.63894177090718,,,0,0,0,0,0,0,0,0,0,0,,,1,11105.52,,168228.75,177750.7,167666.92,176625.16,-3912.8219999999274,,,-785.4399999999986,3571.720000000002,-1342.2299999999987,-877.5599999999985
1788924600,61.66,62.5,61.65,62.09,63.47,65.025,61.29,49.21,59.7247597583723,63.63901735869952,,,0,0,0,0,0,0,0,0,0,0,,,1,3135.11,,176618.39,177123.56,176306.75,177123.56,1117.530000000028,,,-877.5599999999985,59.89000000000158,-877.5599999999985,50.91000000000156
1788926400,62.09,63.68,62.09,63.6,65.025,65.97,61.3,49.21,,,,,0,0,0,0,0,0,0,0,0,0,,,-1,8376.79,,177123.46,180583.66,177098.58,180422.52,3652.9469999999274,,,50.91000000000156,5330.120000000002,50.91000000000156,5330.120000000002
1788928200,63.6,65.05,63.21,64.79,65.025,65.97,61.52,61.3,67.96134483278287,61.32688809377439,,,1,0,0,0,0,0,0,0,0,0,,,1,18690.41,,180381.05,181791.36,179179.44,179939.72,22632.699000000022,,,5330.120000000002,5330.120000000002,2337.9500000000016,3878.0899999999992
1788930000,64.79,65.08,64.26,64.59,65.025,65.97,61.52,61.3,67.98534483278287,61.328967515647655,,,0,0,1,0,0,0,0,0,0,0,,,1,11179.43,,179921.48,181837.5,179907.14,180201.44,-2446.7559999999357,,,3878.0899999999992,3878.0899999999992,-1513.3600000000015,-703.1000000000013
1788931800,64.59,64.75,63.47,64.12,65.025,65.97,61.52,61.3,67.98534483278287,61.32432697881568,,,0,0,0,0,0,0,0,0,0,0,,,1,10809.75,,180178.19,180178.19,176754.98,177552.09,-8978.745000000112,,,-703.1000000000013,-142.6900000000013,-4527.320000000001,-2977.1500000000005
1788933600,64.12,64.95,63.96,64.68,65.025,65.97,61.52,61.3,67.88134483278287,61.32416076604313,,,0,0,0,0,0,0,0,0,0,0,,,1,7795.21,,177537.94,179597.86,177465.47,177837.62,3114.115000000107,,,-2977.1500000000005,30.83999999999969,-3307.5200000000004,-31.100000000000364
1788935400,64.68,66.18,64.61,65.31,,65.97,61.52,61.3,68.40934483278288,61.31572071132576,,,0,0,0,0,0,0,0,0,0,0,,,1,18504.11,,177837.84,180145.63,177478,177684.66,-4156.635000000009,,,-31.100000000000364,4785.290000000001,-2139.4700000000003,-1713.9899999999998
1788937200,65.31,65.88,64.96,65.32,,65.97,61.52,61.3,67.51334483278288,61.31716923194535,,,0,0,0,0,0,0,0,0,0,0,,,1,13717.36,,177664.09,182748.88,176956.38,182170.18,6121.826000000001,,,-1713.9899999999998,1028.1499999999992,-3391.29,-3323.5899999999992
1788939000,65.32,65.49,65.08,65.33,,65.97,61.52,61.3,67.30534483278288,61.89580000109211,,,0,0,0,0,0,0,0,0,0,0,,,1,6668.84,,182134.77,183828.28,181365.68,183748.04,438.8889999999665,,,-3323.5899999999992,-2749.8599999999997,-4621.749999999999,-4275.149999999999
1788940800,65.33,65.76,64.99,65.39,,65.97,61.52,61.3,67.30534483278288,63.01867142958553,,,0,0,0,0,0,0,0,0,0,0,,,1,7404.35,,183752.05,183807.76,181470.86,181589.38,2887.0599999999395,,,-4275.149999999999,-3206.869999999999,-5318.8899999999985,-3506.6
1788942600,65.39,66.27,65.07,65.77,,65.97,61.52,61.3,66.98534483278287,63.27519489890085,,,0,0,0,0,0,0,0,0,0,0,,,1,10465.83,,181592.56,184574.87,181571.1,182936.74,3262.9470000000438,,,-3506.6,1549.7099999999996,-3936.97,170.57000000000016
1788944400,65.77,66.35,65.62,66.04,,65.97,61.52,61.3,66.81138627921348,63.278680977550785,,,0,0,0,0,0,0,0,0,0,0,,,1,9659.27,,182983.69,184948.63,181551.9,184468.16,6454.521999999997,,,170.57000000000016,2370.66,-131.9699999999998,703.02
1788946200,66.04,66.21,64.16,64.27,68.48,69.11,61.52,61.3,70.37551713251928,63.75306090772573,,,0,0,0,0,0,0,0,0,0,0,,,1,18937.65,,184471.29,185635.7,181679.29,182201.77,-16343.917999999947,,,703.02,2274.52,-7626.689999999999,-7626.689999999999
1788948000,64.27,65.25,64.26,64.92,68.48,69.11,61.52,61.3,70.36993019984786,63.953699414316745,,,0,0,0,0,0,0,0,0,0,0,,,1,6929.28,,182200.65,182200.65,179519.93,179705.83,-1211.8209999999963,,,-7626.689999999999,-5935.009999999998,-7626.689999999999,-6713.8499999999985
1788949800,64.92,65.24,64.64,65.15,68.48,69.11,61.52,61.3,70.31680007511943,63.959863741865554,,,0,0,0,0,0,0,0,0,0,0,,,1,6040.58,,179687.41,180226.07,179530.93,180221.97,-376.9330000000773,,,-6713.8499999999985,-6461.8499999999985,-7721.1399999999985,-7091.069999999998
1788951600,65.15,66.15,63.97,65.28,68.48,69.11,61.52,61.3,70.46880007511943,63.7530163317323,,,0,0,0,0,0,0,0,0,0,0,,,1,18712.18,,180240.46,180828.19,175698.98,177851.82,-6849.927999999956,,,-7091.069999999998,-5937.129999999998,-11560.57,-11560.57
1788953400,65.28,65.87,64.78,65.3,68.48,69.11,61.52,61.3,70.46880007511943,63.752943736608565,,,0,0,0,0,0,0,0,0,0,0,,,1,12842.02,,177780.29,179136.43,176533.63,176629.05,-3089.859000000055,,,-11560.57,-7283.49,-12011.779999999999,-10723.11
1788955200,65.3,65.69,64.32,64.57,68.48,69.11,61.52,61.3,70.49963221517484,63.74887632685081,,,0,0,0,0,0,0,0,0,0,0,,,1,11683.33,,176624.9,179996.24,176075.85,178762.87,-4918.515999999945,,,-10723.11,-9334.94,-16478.550000000003,-16173.300000000001
1788957000,64.57,64.91,64.43,64.61,68.48,69.11,63.97,61.52,70.4214299194566,63.75781373207575,,,0,0,0,0,0,0,0,0,0,0,,,1,7055.67,,178729.13,181145.88,178613.43,180845.27,2399.1759999999776,,,-16173.300000000001,-14071.150000000001,-16173.300000000001,-15138.87
1788958800,64.61,64.69,63.79,64.38,68.48,69.11,61.52,61.3,70.45280007511944,63.7601127512132,,,0,0,0,0,0,0,0,0,0,0,,,1,7879.42,,180846.75,180909.15,176404.73,176570.47,-3112.5379999999423,,,-15138.87,-14789.76,-19396.15,-18467.79
1788960600,64.38,65.05,63.63,63.85,68.48,69.11,61.52,61.3,70.58080007511944,63.4148189832694,,,0,0,0,0,0,0,0,0,0,0,,,1,14046.13,,176566.85,177486.86,175612.26,176565.15,-2375.783000000054,,,-18467.79,-17524.86,-23513.47,-22563.620000000003
1788962400,63.85,64.71,63.26,64.61,68.48,69.11,61.52,61.3,70.65280007511944,63.74947477017873,,,0,0,0,0,0,0,0,0,0,0,,,-1,12818.05,,176565.9,176565.9,173809.11,175553.28,3564.280999999959,,,-22563.620000000003,-22199.050000000003,-25743.550000000003,-23229.13
1788964200,64.61,65.18,63.64,64.08,68.48,69.11,61.52,61.3,70.54906756741727,63.74322657230882,,,0,0,0,0,0,0,0,0,0,0,,,-1,8924.56,,175559.07,175972.91,173913.22,173913.22,-2854.595999999903,,,-23229.13,-22612.08,-26249.36,-26061.51
1788966000,64.08,64.66,62.08,63.01,66.35,68.48,61.52,61.3,,,,,0,0,0,0,0,0,0,0,0,0,,,-1,33049.21,,173910.39,174053.13,166582.21,166613.09,-16867.351000000024,,,-26061.51,-16743.29,-31521.409999999996,-20306.139999999992
1788967800,63.01,63.15,62.32,62.79,66.35,68.48,61.52,61.3,,,,,0,0,0,0,0,0,0,0,0,0,,,-1,9355.91,,166855.61,167995.55,164828.94,164951.17,2782.44299999997,,,-20306.139999999992,-20306.139999999992,-23850.249999999993,-23133.22999999999
1788969600,62.79,63.44,62.76,63.3,65.18,66.35,61.52,61.3,,,,,0,0,0,0,0,0,0,0,0,0,,,-1,5303.17,,164950.49,165616.38,164762.49,165267.35,740.7099999999627,,,-23133.22999999999,-20351.559999999987,-23133.22999999999,-20351.559999999987
1788971400,63.3,64.56,63.22,64.21,65.18,66.35,62.08,61.52,67.75070937107648,61.84350468897626,,,0,0,0,0,0,0,0,0,0,0,,,-1,9501.87,,165269.68,165269.68,161383.84,161582.34,1640.076000000001,,,-20351.559999999987,-15739.479999999985,-20351.559999999987,-16114.569999999985
1788973200,64.21,64.87,64.12,64.58,65.18,66.35,62.08,61.52,67.75070937107648,61.84968292547796,,,1,0,0,0,0,0,0,0,0,0,,,-1,5415.51,,161566.28,161711.8,160189.75,160193.56,-1205.83899999992,,,-16114.569999999985,-15553.019999999986,-16818.589999999986,-16652.079999999987
1788975000,64.58,64.88,64.41,64.59,65.18,66.35,62.08,61.52,67.51070937107647,61.85941985937239,,,0,0,0,0,0,0,0,0,0,0,,,-1,3542.24,,160200.94,160351.75,159509.59,160081.07,-1745.8479999999981,,,-16652.079999999987,-16450.449999999986,-18391.379999999986,-18339.599999999988
1788976800,64.59,64.6,63.96,64.03,65.18,66.35,62.08,61.52,67.31870937107648,61.86603272656008,,,0,0,0,0,0,0,0,0,0,0,,,-1,5367.54,,160084.74,161273.88,158615.09,161273.88,-1942.9520000000484,,,-18339.599999999988,-18223.439999999988,-20079.239999999987,-20079.239999999987
1788978600,64.03,64.59,63.78,63.97,65.18,66.35,62.08,61.52,67.11044346777585,61.869744674662925,,,0,0,0,0,0,0,0,0,0,0,,,-1,4622.74,,161239.11,161239.11,159289.73,159770.75,-1813.033999999985,,,-20079.239999999987,-18852.769999999986,-20180.559999999987,-20180.559999999987
1788980400,63.97,64.33,63.48,63.56,65.18,66.35,62.08,61.52,67.08528388944018,61.872620055044145,,,0,0,0,0,0,0,0,0,0,0,,,-1,3168.49,,159770.83,159770.83,159231.42,159265.49,-2971.0939999999828,,,-20180.559999999987,-19839.569999999985,-20841.539999999986,-20820.649999999987
1788982200,63.56,63.56,61.77,61.95,65.18,66.35,61.52,61.3,67.75870937107648,61.55186147968386,,,0,0,0,0,0,0,0,0,0,0,,,-1,11556.53,,159290.91,159618.39,157458.66,159242.99,-4944.276000000013,,,-20820.649999999987,-20820.649999999987,-25885.369999999988,-25150.33999999999
1788984000,61.95,62.59,61.85,62.26,65.18,66.35,61.52,61.3,67.75870937107648,61.55687137399215,,,0,0,0,0,0,0,0,0,0,0,,,-1,8359.38,,159223.24,159951.19,158708.17,159671.98,2215.898999999976,,,-25150.33999999999,-23717.34999999999,-25819.46999999999,-25067.579999999987
1788985800,62.26,62.86,62.2,62.71,65.18,66.35,61.52,61.3,67.53470937107647,61.56266627584986,,,0,0,0,0,0,0,0,0,0,0,,,-1,7082.26,,159615.35,160920.85,158733.5,160005.65,-1573.2789999999804,,,-25067.579999999987,-23018.939999999988,-25243.129999999986,-23743.139999999985
1788987600,62.71,62.8,62.11,62.71,65.18,66.35,61.645,61.3,67.52670937107648,61.56761868471772,,,0,0,0,0,0,0,0,0,0,0,,,-1,3366.15,,160003.68,160003.68,158950.32,159482.7,-1047.7580000000307,,,-23743.139999999985,-23220.299999999985,-24584.879999999986,-23300.809999999983
1788989400,62.71,62.75,61.02,61.81,64.88,65.18,,,,,,,0,0,0,0,0,0,0,0,0,0,,,-1,8355.42,,159465.64,160403.73,157302.76,157302.76,-8613.563999999955,,,-23300.809999999983,-23300.809999999983,-29059.929999999982,-28679.50999999998
1788991200,61.81,61.9,58.51,59.24,64.88,65.18,,,,,,,0,0,0,0,0,0,0,0,0,0,,,-1,44141.52,,157247.22,165343.62,157085.98,164020.32,-22392.012000000046,,,-28679.50999999998,-28679.50999999998,-54044.099999999984,-44336.82999999998
1788993000,59.24,59.41,58.18,58.35,64.88,65.18,,,,,,,0,0,0,0,0,0,0,0,0,0,,,-1,24439.08,,163875.1,171474.85,163056.77,171364.38,14108.869000000006,,,-44336.82999999998,-44303.68999999998,-58186.19999999998,-57533.909999999974
1788994800,58.35,59.49,58.3,59.29,64.88,65.18,,,,,,,0,0,0,0,0,0,0,0,0,0,,,-1,6401.99,,171343.83,171869.87,170229.02,171869.87,-579.4729999999981,,,-57533.909999999974,-54941.57999999997,-57533.909999999974,-55015.41999999998
1788996600,59.29,59.35,58.51,58.58,64.88,65.18,,,,,,,0,0,0,0,0,0,0,0,0,0,,,-1,4168.21,,171847.44,172590.66,171425.49,171708.66,1185.933000000019,,,-55015.41999999998,-54976.03999999998,-57902.489999999976,-57866.00999999998
1788998400,58.58,58.95,58.06,58.1,64.88,65.18,,,,,,,0,0,0,0,0,0,0,0,0,0,,,-1,10296.01,,171716.67,175864.52,171234.86,175775.34,3273.359999999986,,,0,1096.5800000000004,-3559.0599999999995,-2885.93
1789000200,58.1,58.51,57.91,58.24,64.88,65.18,,,,,,,0,0,0,0,0,0,0,0,0,0,,,-1,18932.79,,175791.71,191302.5,175752.14,190415.34,11854.737000000023,,,-2885.93,-1877.3699999999997,-11361.630000000001,-9087.4
1789002000,58.24,58.43,57.74,57.79,64.88,65.18,,,,,,,0,0,0,0,0,0,0,0,0,0,,,-1,10082.45,,190316.12,192768.93,190067.48,192075.45,67.17199999996228,,,-9087.4,-9087.4,-11824.310000000001,-11824.310000000001
1789003800,57.79,58.02,56.63,56.93,64.88,65.18,,,,,,,0,0,0,0,0,0,0,0,0,0,,,-1,16986.74,,192063.49,192763.04,190568.97,190635.42,-1719.234999999986,,,-11824.310000000001,-11761.960000000001,-22642.93,-22642.93
1789005600,56.93,57.59,56.87,57.16,64.88,65.18,,,,,,,0,0,0,0,0,0,0,0,0,0,,,-1,5726.14,,191257.32,191285.2,190195.02,191039.84,5390.380999999994,,,-22642.93,-20163.54,-22642.93,-20706.61
1789007400,57.16,58.38,57.15,58.3,64.88,65.18,,,,,,,0,0,0,0,0,0,0,0,0,0,,,-1,5153.55,,191039.78,191089.5,190473.18,190894.69,158.17999999999302,,,-20706.61,-18187.34,-20706.61,-18661.62
1789009200,58.3,58.31,57.76,58.13,64.88,65.18,56.63,,54.67558740737919,59.56308189003132,,,0,0,0,0,0,0,0,0,0,0,,,-1,5013.92,,190893.03,191987.5,190077.28,190079.64,-434.45799999998417,,,-18661.62,-18571.46,-20734.399999999998,-19833.079999999998
1789011000,58.13,58.13,57.51,57.72,64.88,65.18,56.63,,54.731263588648766,59.15671889788623,,,0,0,0,0,0,0,0,0,0,0,,,-1,7272.34,,190079,190467.3,188873.5,188873.5,2810.5229999999865,,,-19833.079999999998,-19833.079999999998,-21982.659999999996,-21234.44
1789012800,57.72,58.12,57.65,57.99,64.88,65.18,56.63,,54.801712899827656,58.708667548037205,,,0,0,0,0,0,0,0,0,0,0,,,-1,5908.06,,188868.98,190010.26,187075.6,187319.08,3274.2240000000456,,,-21234.44,-16978.739999999998,-21394.579999999998,-16978.739999999998
1789014600,57.99,58.34,57.66,57.88,64.88,65.18,56.63,,54.840880117350906,58.62419129460598,,,0,0,0,0,0,0,0,0,0,0,,,-1,6030.62,,187310.26,188155.04,187309.2,187821.38,-686.8270000000484,,,-16978.739999999998,-15472.659999999998,-16978.739999999998,-16497.699999999997
1789016400,57.88,58.02,57.36,57.68,64.88,65.18,56.63,,54.87974967647965,58.56974905927699,,,0,0,0,0,0,0,0,0,0,0,,,-1,8031.62,,187818.42,187818.42,185016.64,185210.96,26.267000000050757,,,-16497.699999999997,-15116.919999999996,-18575.729999999996,-15567.779999999999
1789018200,57.68,57.96,57.33,57.89,64.88,65.18,56.63,,54.919592838527755,58.56519555504291,,,0,0,0,0,0,0,0,0,0,0,,,-1,10372.99,,185211.2,188564.4,185162.96,186918.48,4820.824999999953,,,-15567.779999999999,-15567.779999999999,-21526.94,-19611.57
1789020000,57.89,57.9,56.8,56.93,58.34,64.88,56.63,,54.89784006042958,58.527681586825565,,,0,1,0,0,0,0,0,0,0,0,,,-1,8140.98,,186917,189663.48,186107.47,189663.48,3684.3699999999953,,,-19611.57,-19257.76,-23903.15,-23903.15
1789021800,56.93,58.09,56.92,57.78,58.34,64.88,56.63,,54.86889105219555,58.53099004490945,,,0,0,0,0,0,0,0,0,0,0,,,-1,5280.2,,189621.23,189621.54,188240.66,188240.66,1755.9000000000233,,,-23903.15,-20241.18,-23903.15,-20579.79
1789023600,57.78,57.79,56.32,56.53,58.34,64.88,,,54.80450983026396,58.53834789884449,,,0,0,0,0,0,0,0,0,0,0,,,-1,7742,,188217.22,189234.49,187361.1,189131.78,-199.23600000003353,,,-20579.79,-18892.49,-22448.17,-22448.17
1789025400,56.53,56.73,55.87,56.5,58.34,64.88,,,54.76405394515322,58.536465906069886,,,0,0,0,0,0,0,0,0,0,0,,,-1,9419.01,,189063.22,191816.91,188993.64,191407.94,5126.0779999999795,,,-22448.17,-21858.19,-25832.219999999998,-24250.719999999998
1789027200,56.5,57.08,56.23,57.01,58.09,58.34,,,54.76405394515322,58.28457548420775,,,0,0,0,0,0,0,0,0,0,1,,,-1,5651.59,,191371.27,191487.06,190830.96,190850.32,2160.625,,,-24250.719999999998,-22216.589999999997,-24250.719999999998,-22216.589999999997
1789029000,57.01,57.01,56.5,56.87,58.09,58.34,,,54.76405394515322,58.27796294962148,,,0,0,0,0,0,0,0,0,0,0,,,-1,3494.7,,190830.28,190865.74,190335.9,190524.78,928.0030000000261,,,-22216.589999999997,-22216.589999999997,-23476.709999999995,-22820.649999999998
1789030800,56.87,57.43,56.75,57.02,58.09,58.34,,,54.76405394515322,58.27425131036281,,,0,0,0,0,0,0,0,0,0,0,,,-1,3704.49,,190524.36,190862.16,190176.54,190419.36,-5373.734999999986,,,-22820.649999999998,-22269.879999999997,-23574.14,-23574.14
1789032600,57.02,57.15,56.54,57.01,58.09,58.34,,,54.96676204845546,58.26980478819404,,,0,0,0,0,0,0,0,0,0,0,,,-1,2649.92,,190419.22,190654.44,190224.5,190538.6,-645.8369999999413,,,-23574.14,-23412.46,-24250.47,-23913.62
1789034400,57.01,57.71,56.91,57.43,58.09,58.34,55.87,,54.23049973349554,58.26839016046589,,,0,0,0,0,0,0,0,0,0,0,,,-1,8027.83,,190537.7,192718.56,190273.1,192206.57,946.8989999999758,,,-23913.62,-21872.09,-24062.53,-24034.13
1789036200,57.43,57.8,57.22,57.31,58.09,58.34,55.87,,54.26949358378672,58.26393372043261,,,0,0,0,0,0,0,0,0,0,0,,,-1,5455.24,,192203.48,192441.62,190355.04,190421.03,-683.689000000013,,,-24034.13,-22508.11,-24148.72,-22753.71
1789038000,57.31,57.75,57.13,57.66,58.09,58.34,55.87,,54.3007021590571,57.97036702611599,,,0,0,0,0,0,0,0,0,0,0,,,-1,2450.42,,190418.72,190486.31,190020.41,190086.02,140.95200000004843,,,-22753.71,-21800.809999999998,-23023.91,-21800.809999999998
1789039800,57.66,57.86,57.06,57.09,58.09,58.34,55.87,,54.307181550379596,58.02962652425057,,,0,0,0,0,0,0,0,0,0,0,,,-1,5451.32,,190063.36,190132.06,187646.16,187646.16,-1068.4850000001024,,,-21800.809999999998,-21411.12,-23355.409999999996,-23002.789999999997
1789041600,57.09,57.44,57.04,57.26,58.09,58.34,55.87,,54.3631981280362,58.023224629661236,,,0,0,0,0,0,0,0,0,0,0,,,-1,3845.73,,187595.36,188020.36,187042.74,187682.08,-1204.329999999958,,,-23002.789999999997,-22654.12,-23988.629999999997,-23884.079999999998
1789043400,57.26,57.77,55.6,56.69,58.09,58.34,,,53.98341363757204,58.04256572754258,,,0,0,0,0,0,0,0,0,0,1,,,-1,15786.02,,187583.67,187583.67,183779.86,184196.44,-2432.1509999999544,,,-23884.079999999998,-22317.46,-30024.579999999998,-29737.76
1789045200,56.69,57,56.05,56.52,57.86,58.09,,,53.98341363757204,58.04309674700382,,,0,0,0,0,0,0,0,0,0,0,,,-1,9462.3,,184195.92,184268.16,180315.92,180744.66,1696.9939999999478,,,-29737.76,-28889.01,-32761.23,-31369.579999999998
1789047000,56.52,57.11,56.28,56.79,57.86,58.09,,,53.98341363757204,58.041875550789264,,,0,0,0,0,0,0,0,0,0,0,,,-1,7068.27,,180733.67,181560.52,180501.68,180915.1,1065.734999999986,,,-31369.579999999998,-30416.69,-32581.05,-31099.39
1789048800,56.79,57.21,56.38,56.94,57.86,58.09,,,53.98341363757204,58.04074158287575,,,0,0,0,0,0,0,0,0,0,0,,,-1,4938.02,,180910.09,181151.48,180579.71,180810.9,-589.579000000027,,,-31099.39,-30098.399999999998,-31263.97,-30557.25
1789050600,56.94,57.05,56.5,56.58,57.86,58.09,,,54.05541363757204,58.035688612670334,,,0,0,0,0,0,0,0,0,0,0,,,-1,2186.19,,180804.98,181249.74,180750.3,180880.27,1190.2320000000764,,,-30557.25,-29959.51,-30774.25,-30320.62
1789052400,56.58,56.58,55.91,55.95,57.86,58.09,,,54.05541363757204,58.03271085462245,,,0,1,0,0,0,0,0,0,0,0,,,-1,3739.03,,180831.12,181523.69,180806.22,181127.48,-313.64100000006147,,,-30320.62,-30320.62,-31800.69,-31713.59
1789054200,55.95,56.39,55.78,56.26,57.86,58.09,,,54.3118879437646,58.02908865072085,,,0,0,0,0,0,0,0,0,0,0,,,-1,4531.25,,181118.54,182166.26,180979.02,182159.94,756.25,,,-31713.59,-31347.8,-32721.53,-32537.14
1789056000,56.26,56.35,55.27,55.34,57.86,58.09,,,54.23941363757204,57.94243946138365,,,0,0,0,0,0,0,0,0,0,0,,,-1,9474.99,,182157.68,183001.08,181893.36,182561,1948.636999999988,,,-32537.14,-32415.86,-34792.93,-34569.27
1789057800,55.34,56.1,54.79,55.64,57.86,58.09,,,53.85541363757204,57.388836642713386,,,0,0,0,0,0,0,0,0,0,0,,,-1,10882.83,,182486.87,183386.75,182393.08,182884.79,13043.554000000004,,,-34569.27,-34212.85999999999,-37532.71,-36561.619999999995
1789059600,55.64,56.15,55.57,55.91,57.86,58.09,,,53.98341363757204,57.384348311091,,,0,0,0,0,0,0,0,0,0,0,,,-1,2428.45,,182886.27,182893.54,182254.62,182294.79,1136.7320000000764,,,-36561.619999999995,-36066.159999999996,-36735.59,-36394.42999999999
1789061400,55.91,56.67,55.9,56.06,57.86,58.09,,,54.27858360995766,57.38289486029879,,,0,0,0,0,0,0,0,0,0,0,,,-1,9287.8,,182277.35,183252.77,181643.41,182505.23,-378.97100000001956,,,-36394.42999999999,-33033.619999999995,-36394.42999999999,-36262.869999999995
1789063200,56.06,56.08,55.57,55.96,57.86,58.09,,,54.28741363757204,57.21783094170601,,,0,0,0,0,0,0,0,0,0,0,,,-1,2631.87,,182509.31,182509.31,181620.17,181916.01,-513.4000000000233,,,-36262.869999999995,-36262.869999999995,-37509.799999999996,-37203.28
1789065000,55.96,56.5,55.67,56.39,57.86,58.09,,,54.28741363757204,56.83770016015559,,,0,0,0,0,0,0,0,0,0,0,,,-1,2883.47,,181915.73,181969.51,181635.41,181741.91,-629.7550000000047,,,-37203.28,-36536.65,-37625.479999999996,-36662.19
1789066800,56.39,56.42,55.91,56.08,56.67,57.86,54.79,,53.21446534291464,56.83300729157305,,,0,0,0,0,0,0,0,0,0,0,,,-1,2500.01,,181740.21,181996.67,181455.67,181996.67,-133.82299999997485,,,-36662.19,-36449.05,-37338.420000000006,-37338.420000000006
1789068600,56.08,56.13,55.61,55.75,56.67,57.86,54.79,,53.329031098883654,56.82879248503212,,,0,0,0,0,0,0,0,0,0,0,,,-1,2681.75,,181999.65,182109.83,181759.73,181759.73,-497.30000000004657,,,-37338.420000000006,-36549.19,-37434.100000000006,-37101.23
1789070400,55.75,56.41,55.68,56.32,56.67,57.86,54.79,,53.33702640202873,56.82787873610125,,,0,0,0,0,0,0,0,0,0,0,,,-1,2291.08,,181756.74,181985.35,181602.97,181760.05,184.1950000000652,,,-37101.23,-35842.64,-37112.030000000006,-35986.630000000005
1789072200,56.32,56.48,56.13,56.34,56.67,57.86,54.79,,53.39195061209201,56.82160168352259,,,0,0,0,0,0,0,0,0,0,0,,,-1,1285.53,,181759.49,181997.39,181436.65,181437.45,782.8379999999888,,,-35986.630000000005,-35221.090000000004,-35986.630000000005,-35249.420000000006
1789074000,56.34,56.42,55.93,56.05,56.67,57.86,54.79,,53.425451664293625,56.8177729918424,,,0,0,0,0,0,0,0,0,0,0,,,-1,1834.86,,181437.05,181653.83,180195.51,180233.63,-112.60900000005495,,,-35249.420000000006,-35211.350000000006,-36121.00000000001,-36062.600000000006
1789075800,56.05,56.06,55.69,55.91,56.67,57.86,54.79,,53.47155978419513,56.81250349242509,,,0,0,0,0,0,0,0,0,0,0,,,-1,1358.51,,180233.43,180314.25,179975.83,179975.83,-907.5979999999981,,,-36062.600000000006,-36062.600000000006,-36464.82000000001,-36351.810000000005
1789077600,55.91,56.31,55.83,56.09,56.48,56.67,54.79,,53.50062446696081,56.61918181439472,,,0,0,0,0,0,0,0,0,0,0,,,-1,1366.88,,179973.82,179996.73,179669.81,179681.85,859.2020000000484,,,-36351.810000000005,-35963.920000000006,-36499.91,-36095.41
1789079400,56.09,56.17,55.01,55.11,56.48,56.67,54.79,,53.44261310095751,56.625811684795096,,,0,0,0,1,0,0,0,0,0,0,,,-1,4637.1,,179679.81,180878.29,179671.53,180764.69,-1913.5829999999842,,,-36095.41,-36071.58,-38887.310000000005,-38887.310000000005
1789081200,55.11,55.4,54.41,54.46,56.48,56.67,,,53.06246534291465,56.629539421595446,,,0,0,0,0,0,0,0,0,0,0,,,-1,9410.14,,180782.9,181290.44,180378.41,180971.25,-1303.408000000054,,,-38887.310000000005,-38686.590000000004,-45144.68000000001,-44555.39000000001
1789083000,54.46,54.54,53.89,54.06,56.48,56.67,,,52.69446534291465,56.628143748624346,,,0,0,0,0,0,0,0,0,0,1,,,-1,8172.67,,180983.75,180983.75,179362.89,179962.43,347.0690000000177,,,-44555.39000000001,-44523.80000000001,-49601.72000000001,-49126.54000000001
1789084800,54.06,54.91,54,54.68,56.48,56.67,,,52.78246534291465,56.63056205229403,,,0,0,0,0,0,0,0,0,0,0,,,-1,3774.41,,179852.82,180343.67,179452.89,179688.31,579.109999999986,,,0,2373.3499999999995,0,2373.3499999999995
1789086600,54.68,54.96,54.29,54.85,56.48,56.67,,,52.78246534291465,56.62937904855875,,,0,0,0,0,0,0,0,0,0,0,,,-1,2790.47,,179686.15,180011.99,178920.67,179140.51,2181.1110000000335,,,2373.3499999999995,2725.4699999999993,2112.2699999999995,2298.24
1789088400,54.85,55.46,54.79,54.86,56.48,56.67,,,52.89446534291465,56.45828054509027,,,0,0,0,0,0,0,0,0,0,0,,,-1,4527.3,,179140.17,180384.51,178919.75,180106.15,1110.7339999999385,,,2298.24,3366.5199999999995,1321.3399999999997,1362.4799999999993
1789090200,54.86,55.01,54.3,54.88,56.48,56.67,,,53.42493591405623,56.45783193472668,,,0,0,0,0,0,0,0,0,0,0,,,-1,4542.11,,180105.75,181583.97,179988.81,180589.88,1241.238000000012,,,1362.4799999999993,2456.3499999999985,843.5299999999993,2444.949999999999
1789092000,54.88,55.19,54.5,54.59,56.48,56.67,53.89,,,,,,0,0,0,0,0,0,0,0,0,0,,,-1,2788.15,,180545.73,180545.73,179375.27,179391.59,33.65700000000652,,,2444.949999999999,2444.949999999999,1091.4699999999993,1130.5599999999993
1789093800,54.59,55.34,54.59,55.11,55.46,56.48,53.89,,52.541564064442746,55.607334678412286,,,0,0,0,0,0,0,0,0,0,0,,,-1,1970.69,,179386.34,179880.53,179291.89,179810.93,3311.2880000000587,,,1130.5599999999993,1853.8499999999995,1052.3099999999993,1514.0099999999993
1789095600,55.11,55.23,54.65,54.93,55.46,56.48,53.89,,52.56114823845042,55.60509648709712,,,0,0,0,0,0,0,0,0,0,0,,,-1,2855.07,,179810.25,179829.01,179229.04,179642.63,-918.7719999999972,,,1514.0099999999993,1558.1699999999994,443.47999999999934,1073.8999999999996
1789097400,54.93,55.43,54.71,55.38,55.46,56.48,53.89,,52.56183354288613,55.605018166590185,,,0,0,0,0,0,0,0,0,0,0,,,-1,1563.09,,179643.84,179695.41,179211.87,179318.53,131.0100000000093,,,1073.8999999999996,1768.4699999999996,1029.7199999999996,1762.7899999999995
1789099200,55.38,56.24,55.2,56.22,56.48,56.67,53.89,,,,,,0,0,0,0,0,0,0,0,0,0,,,-1,7631.26,,179318.03,181496.66,179107.05,180834.45,10.309000000008382,,,1762.7899999999995,4977.19,1594.1799999999996,4977.19
1789101000,56.22,56.3,55.95,56.01,56.48,56.67,53.89,,,,,,0,0,0,0,0,0,0,0,0,0,,,1,6446.88,,180914.4,180914.4,178700.25,179429.89,193.7949999999255,,,4977.19,5989.459999999999,4351.57,4983.009999999999
1789102800,56.01,56.25,55.47,55.59,56.48,56.67,53.89,,,,,,0,0,0,0,0,0,0,0,0,0,,,1,6599.91,,179428.51,180226.48,178173.15,178660.27,-2695.3040000000037,,,4983.009999999999,4983.009999999999,2176.6600000000008,2518.7200000000003
1789104600,55.59,55.99,55.52,55.94,56.48,56.67,53.89,,,,,,0,0,0,0,0,0,0,0,0,0,,,1,2695.59,,178660.37,179148.51,178330.23,178878.49,-164.6589999999851,,,2518.7200000000003,3047.4300000000003,1941.2600000000002,3047.4300000000003
1789106400,55.94,56.06,55.65,55.75,56.3,56.48,53.89,,57.629534837048446,54.45313626367033,,,1,0,0,0,0,0,0,0,0,0,,,1,1585.13,,178863.11,179096.03,178786.37,179072.37,-958.1189999999478,,,3047.4300000000003,3187.2300000000005,2362.04,2631.5200000000004
1789108200,55.75,56,55.67,55.79,56.3,56.48,53.89,,57.51080269472704,54.518197959122446,,,0,0,0,0,0,0,0,0,0,0,,,1,2433.77,,179044.75,180447.26,178718.73,179477.09,-1996.533999999985,,,2631.5200000000004,3557.0100000000007,2355.4900000000007,3274.690000000001
1789110000,55.79,56.35,55.77,56.22,56.3,56.48,53.89,,57.50092641917857,54.57932667632799,,,0,0,0,0,0,0,0,0,0,0,,,1,2573.88,,179452.24,179634.56,178977.69,179262.23,1747.3979999999283,,,3274.690000000001,4849.210000000001,3114.130000000001,4842.710000000001
1789111800,56.22,56.22,55.66,55.72,56.3,56.48,53.89,,57.48925559188356,55.0706604851617,,,0,0,0,0,0,0,0,0,0,0,,,1,2229.35,,179256.76,179264.01,178499.29,178510.37,-897.4490000000224,,,4842.710000000001,4842.710000000001,3626.070000000001,3945.840000000001
1789113600,55.72,55.96,55.52,55.72,56.3,56.48,53.89,,57.46341839510963,55.34361330765015,,,0,0,0,0,0,0,0,0,0,0,,,1,3760.34,,178561.59,178590.75,176581.47,176583.04,-927.9949999999953,,,3945.840000000001,5316.960000000001,3832.330000000001,5316.960000000001
1789115400,55.72,56.04,55.55,55.63,56.3,56.48,53.89,,57.44567671239097,55.34564092853228,,,0,0,0,0,0,0,0,0,0,0,,,1,2574.97,,176582.69,176729.52,176217.25,176720.45,1177.7390000000596,,,5316.960000000001,5860.200000000001,5316.960000000001,5580.410000000001
1789117200,55.63,55.63,55.12,55.22,56.3,56.48,53.89,,57.43170229272365,54.99723800506569,,,0,0,0,0,0,0,0,0,0,0,,,1,5362.05,,176720.99,176968.69,175839.67,176098.43,-1334.158000000054,,,5580.410000000001,6162.590000000001,3811.5700000000006,4116.360000000001
1789119000,55.22,55.3,54.71,54.94,56.3,56.48,53.89,,57.669534837048445,54.587578147561,,,0,0,0,0,0,0,0,0,0,0,,,1,3077.37,,176098.83,176177.15,175815.8,175919.77,2653.609000000055,,,4116.360000000001,4330.370000000001,2975.2700000000004,3217.4900000000007
1789120800,54.94,55.12,54.59,54.61,56.3,56.48,53.89,,57.66153483704844,54.46875113702093,,,0,0,0,0,0,0,0,0,0,0,,,1,4394.18,,175912.07,178060.11,175912.07,178020.64,1172.2850000000326,,,3217.4900000000007,4299.97,2401.3100000000004,2401.3100000000004
1789122600,54.61,54.7,54.38,54.59,56.3,56.48,53.89,,57.68553483704844,54.262840341519436,,,0,0,0,0,0,0,0,0,0,0,,,-1,2920.89,,178022.63,179674.95,178021.95,179313.06,399.98099999991246,,,2401.3100000000004,2454.8800000000006,844.5500000000002,1290.2600000000002
1789124400,54.59,54.69,54.21,54.45,56.325,56.48,53.89,,52.36674250055026,56.46564825430338,,,0,1,0,0,0,0,0,0,0,0,,,-1,7249.06,,179300.58,179334.47,173630.83,173630.83,979.9420000000391,,,1290.2600000000002,1290.2600000000002,-506.74999999999955,310.4200000000005
1789126200,54.45,54.89,54.4,54.76,56.325,56.48,53.89,,52.694742500550255,56.154387664710285,,,0,0,0,0,0,0,0,0,0,0,,,-1,4269.58,,173638.14,173666.03,172519.09,172521.73,-1434.7369999999646,,,310.4200000000005,1006.0300000000007,-383.2899999999993,-359.2799999999993
1789128000,54.76,55.73,54.52,55.35,56.325,56.48,53.89,,52.614742500550264,56.163502831516695,,,0,0,0,0,0,0,0,0,0,0,,,-1,7921.74,,172511.55,173951.12,171659.33,171693.02,-2307.7660000000615,,,-359.2799999999993,2862.1000000000004,-591.8599999999993,2862.1000000000004
1789129800,55.35,57.46,54.44,57.31,57.86,58.09,54.21,53.89,60.527850609700224,54.052175942163075,,,1,0,0,0,0,0,0,0,1,0,,,-1,32099.48,,171693.02,177657.98,171217.56,175567.15,3377.655000000028,,,2862.1000000000004,8394.910000000002,-421.10999999999876,2960.3999999999996
1789131600,57.31,57.53,56.42,56.79,57.86,58.09,54.21,53.89,60.58385060970022,54.04759194629428,,,0,0,0,0,0,0,0,0,0,0,,,1,9670.89,,175692.09,176373.26,175453.3,175691.03,-3855.6169999999693,,,2960.3999999999996,3747.7599999999998,997.2299999999991,1522.5899999999992
1789133400,56.79,59.05,56.33,58.84,,58.09,54.21,53.89,61.79985060970022,54.02033537870183,,,0,0,0,0,0,0,0,0,1,0,,,1,19613.89,,175688.41,177588.13,175603.65,177087.28,-4385.085000000079,,,1522.5899999999992,15089.259999999998,350.0299999999993,15089.259999999998
1789135200,58.84,59.45,57.78,58.31,,58.09,54.21,53.89,61.96785060970023,54.01002570879456,,,0,0,0,0,0,0,0,0,0,0,,,1,22544.22,,177127.36,178814.46,174468.98,174478.3,-11391.527000000002,,,15089.259999999998,15953.859999999997,11550.199999999999,14805.82
1789137000,58.31,58.31,56.82,57.42,,58.09,54.21,53.89,61.935850609700225,54.00302387245209,,,0,0,0,0,0,0,0,0,0,0,,,1,11242.58,,174481.5,174652.28,171788.02,171788.02,-4854.033999999985,,,14805.82,14805.82,8961.859999999999,10655.439999999999
1789138800,57.42,57.83,56.68,57.65,,58.09,54.21,53.89,61.935850609700225,54.001379310134084,,,0,0,0,0,0,0,0,0,0,0,,,1,6679.75,,171777.12,171777.12,168986.86,169813.71,-1811.341999999946,,,10655.439999999999,14032.079999999998,10339.409999999998,13846.129999999997
1789140600,57.65,58.44,55.68,56.15,,58.09,54.21,53.89,60.94385060970023,54.206852216553074,,,0,0,0,0,0,0,0,0,0,0,,,1,20913.03,,169807.29,173008.76,168546.46,168624.25,-9928.037000000011,,,13846.129999999997,20028.89,10761.999999999996,10761.999999999996
1789142400,56.15,56.84,55.78,56.04,,58.09,54.21,53.89,60.94385060970023,54.20836277251357,,,0,0,0,0,0,0,0,0,0,0,,,1,7183.44,,168650.15,168936.94,168126.26,168520.48,-255.6270000000368,,,10761.999999999996,12345.669999999996,10652.949999999997,12263.579999999996
1789144200,56.04,57.1,55.83,56.78,59.45,64.88,54.21,53.89,62.54598971648218,55.446765431619745,,,0,0,0,0,0,0,0,0,0,0,,,1,5362.18,,168624.18,169021.46,168023,168812.87,-110.61900000000605,,,12263.579999999996,14338.979999999996,11900.029999999997,14338.979999999996
1789146000,56.78,56.99,56.29,56.81,59.45,64.88,55.68,54.21,61.737989716482176,55.4534250436469,,,0,0,0,0,0,0,0,0,0,0,,,1,3274.27,,168801.08,168857.96,167949.71,167989.98,-1727.8479999999981,,,14338.979999999996,14390.479999999996,12678.459999999995,13693.249999999996
1789147800,56.81,57.12,56.65,56.88,59.45,64.88,55.68,54.21,61.737989716482176,55.46289468338641,,,0,0,0,0,0,0,0,0,0,0,,,1,3074.05,,168008.7,168785.44,168006.6,168705.85,-1097.134999999951,,,13693.249999999996,14481.929999999997,13419.819999999996,13419.819999999996
1789149600,56.88,56.93,55.93,56.12,59.45,64.88,55.68,54.21,61.737989716482176,55.464116491715956,,,0,0,0,0,0,0,0,0,0,0,,,1,6664.06,,168719.48,168719.48,167981.1,168155.13,-2165.103000000003,,,13419.819999999996,13419.819999999996,11096.349999999997,11814.039999999997
1789151400,56.12,56.41,55.44,55.69,59.45,64.88,54.21,53.89,61.405293221290044,55.46567959945053,,,0,0,0,0,0,0,0,0,0,0,,,1,7008.98,,168199.02,168944.45,167923.43,168590.28,-1631.8850000000093,,,11814.039999999997,11814.039999999997,9235.369999999997,9998.699999999997
1789153200,55.69,56.24,55.3,56.01,59.45,64.88,54.21,53.89,61.38884297094663,55.4675596280612,,,0,0,0,0,0,0,0,0,0,0,,,1,5272.66,,168486.23,168541.46,168004.75,168134.38,2064.4369999999763,,,9998.699999999997,9998.699999999997,8318.159999999996,9370.339999999997
1789155000,56.01,56.4,55.88,56.32,59.45,64.88,54.21,53.89,61.32106773848488,55.47530536891398,,,0,0,0,0,0,0,0,0,0,0,,,-1,3505.11,,168090.01,168258.8,167468.14,167906.5,-2423.758999999962,,,9370.339999999997,9964.699999999997,8566.159999999996,9858.469999999996
1789156800,56.32,56.83,56.31,56.46,59.45,64.88,54.21,53.89,61.25813359405611,55.102497842562975,,,0,0,0,0,0,0,0,0,0,0,,,-1,3221.24,,167903.54,167907.44,167168.26,167178.48,-1740.9180000000051,,,9858.469999999996,10560.519999999995,9694.679999999995,10465.709999999995
1789158600,56.46,56.8,56.01,56.47,59.45,64.88,55.3,54.21,61.23344474565798,55.10531942523705,,,0,0,0,0,0,0,0,0,0,0,,,-1,6058.52,,167184.11,167289.14,166169.73,166843.3,-926.3429999999935,,,10465.709999999995,10999.029999999995,9588.599999999995,10999.029999999995
1789160400,56.47,56.77,56.23,56.24,59.45,64.88,55.3,54.21,61.17926938643114,55.111510894862974,,,0,0,0,0,0,0,0,0,0,0,,,-1,1664.9,,166815.28,167267.31,166787.84,166852.44,-1057.640000000014,,,10999.029999999995,10999.029999999995,10057.029999999995,10057.029999999995
1789162200,56.24,56.37,55.46,55.5,59.45,64.88,55.3,54.21,61.175213695720494,55.11197440237276,,,0,0,0,0,0,0,0,0,0,0,,,-1,3676.15,,166868.6,166868.6,165098.36,165187.96,-430.78899999998976,,,10057.029999999995,10131.149999999996,7163.819999999995,7212.919999999995
1789164000,55.5,55.84,55.15,55.57,59.45,64.88,54.21,53.89,61.14394769720347,55.115547659346134,,,0,0,0,0,0,0,0,0,0,0,,,-1,3522.33,,165004.19,165134.42,164594.54,165126.76,-126.31700000003912,,,7212.919999999995,7212.919999999995,6263.709999999995,6544.269999999995
1789165800,55.57,55.8,55.27,55.44,56.83,57.12,54.21,53.89,,,,,0,0,0,0,0,0,0,0,0,0,,,-1,3569.48,,165133.99,165286.39,164434.59,164460.4,-1315.1620000000112,,,6544.269999999995,7039.919999999995,5806.889999999995,6482.689999999995
1789167600,55.44,56.19,55.41,56.13,56.83,57.12,54.21,53.89,,,,,0,0,0,0,0,0,0,0,0,0,,,-1,3219.95,,164454.52,164469.01,162725.07,163047.7,310.88100000005215,,,6482.689999999995,8354.449999999995,6224.139999999995,8277.819999999996
1789169400,56.13,57.06,56.13,56.86,57.12,59.45,55.15,54.21,58.762976668789996,54.97215605232633,,,0,0,0,0,0,0,0,0,0,0,,,-1,4723.08,,163026.64,163999.3,163011.46,163484.38,-2585.871000000043,,,8277.819999999996,11179.299999999996,8188.739999999996,11087.819999999996
1789171200,56.86,57.1,56.65,56.97,57.12,59.45,55.15,54.21,58.766842126645436,54.97843062001731,,,1,0,0,0,0,0,0,0,0,0,,,1,3175.3,,163455.68,164042.77,162744.16,163940.72,-898.9279999999562,,,0,1356.72,-95.01,1323.12
1789173000,56.97,57.23,56.89,57.06,,59.45,55.15,54.21,58.870842126645435,54.98582843287322,,,0,0,0,0,0,0,0,0,0,0,,,1,2091.05,,163964.22,163973.3,163326.34,163370.64,140.78899999998976,,,1323.12,2140.79,1323.12,2017.7299999999998
1789174800,57.06,57.22,56.82,56.99,,59.45,55.15,54.21,58.77484212664543,54.99184068766799,,,0,0,0,0,0,0,0,0,1,0,,,1,2056.47,,163398.65,163702.05,163296.9,163608.84,-2393.9090000000433,,,2017.7299999999998,2402.02,1673.2499999999998,2209.4799999999996
1789176600,56.99,57.01,56.56,56.77,,59.45,55.15,54.21,58.66284212664544,54.99670920997742,,,0,0,0,0,0,0,0,0,0,0,,,1,2449.65,,163608.98,164204.37,163572.74,163663.8,-1225.9019999999437,,,2209.4799999999996,2319.4399999999996,1094.6999999999998,1141.71
1789178400,56.77,56.93,56.41,56.46,,59.45,55.15,54.21,58.51732979557892,55.00022998069331,,,0,0,0,0,0,0,0,0,0,0,,,1,1606.98,,163648.37,163668.42,163148.14,163148.14,-363.61900000000605,,,1141.71,1236.3700000000001,893.6400000000001,948.4300000000002
1789180200,56.46,56.57,56.22,56.4,,59.45,55.15,54.21,58.46747353351224,55.265927839215216,,,0,0,0,0,0,0,0,0,0,0,,,1,3287.81,,163150.24,163550.24,162707.07,162936.88,-503.4900000000489,,,948.4300000000002,1033.0400000000002,-131.29999999999984,724.9000000000007
1789182000,56.4,56.53,55.87,56.12,,59.45,55.15,54.21,58.45992843302175,55.72679013641413,,,0,0,0,0,0,0,0,0,0,0,,,1,4293.08,,162879.12,162944.8,160690.55,160730.48,-77.84699999995064,,,724.9000000000007,1796.2200000000007,30.130000000000678,1796.2200000000007
1789183800,56.12,56.41,55.98,56.38,,59.45,55.15,54.21,58.424172268280586,55.73087655524169,,,0,0,0,0,0,0,0,0,0,0,,,1,1100.38,,160730.59,160734.16,160424.04,160424.04,-2192.9470000000438,,,1796.2200000000007,2225.8200000000006,1689.9600000000007,1983.5000000000007
1789185600,56.38,56.54,56.15,56.29,,59.45,55.15,54.21,58.38597011530665,55.735242515581575,,,0,0,0,0,0,0,0,0,0,0,,,1,1600.85,,160422.28,160566.15,160150.62,160150.62,471.99300000001676,,,1983.5000000000007,2176.9900000000007,1618.7000000000007,1806.5900000000008
1789187400,56.29,56.62,56.29,56.41,,59.45,55.87,55.15,58.34299668754513,55.7401537644686,,,0,0,0,0,0,0,0,0,0,0,,,1,1848.26,,160138.14,160553.51,159837.86,159837.96,-972.7870000000112,,,1806.5900000000008,2669.0900000000006,1806.5900000000008,2618.870000000001
1789189200,56.41,56.46,56.12,56.12,,59.45,55.87,55.15,58.30434279033801,55.74457135272085,,,0,0,0,0,0,0,0,0,0,0,,,1,2353.11,,159836.4,159959.96,159186.24,159229.91,-175.21100000001024,,,2618.870000000001,2618.870000000001,1771.2800000000007,2015.9800000000007
1789191000,56.12,56.44,56.05,56.19,,59.45,55.87,55.15,58.27469988578854,55.74795911324078,,,0,0,0,0,0,0,0,0,0,0,,,1,1471.09,,159232.36,159232.36,158531.56,158600.92,-621.5749999999534,,,2015.9800000000007,2678.0900000000006,2015.9800000000007,2436.250000000001
1789192800,56.19,56.42,56.08,56.32,,59.45,55.87,55.15,58.24092433156404,55.75181917658073,,,0,0,0,0,0,0,0,0,0,0,,,1,1374.47,,158589.6,158598.96,158078,158078,1721.658999999985,,,2436.250000000001,2710.680000000001,2328.710000000001,2640.760000000001
1789194600,56.32,56.43,55.98,56,,59.45,55.87,55.15,58.223311316926996,55.75383209253925,,,0,0,0,0,0,0,0,0,0,0,,,1,2134.42,,158186.06,158221.09,157670.76,157673,114.80199999996694,,,2640.760000000001,2777.460000000001,2240.7700000000013,2662.720000000001
1789196400,56,57.03,55.95,56.61,,59.45,55.87,55.15,58.285706374764025,55.74670122878644,,,0,0,0,0,0,0,0,0,0,0,,,1,4201.51,,157657.14,157735.24,156842.29,156842.29,-1316.661999999953,,,2662.720000000001,4201.430000000001,2580.410000000001,2722.0300000000007
1789198200,56.61,56.94,56.52,56.85,,59.45,55.87,55.15,58.26114464275555,55.82950828387313,,,0,0,0,0,0,0,0,0,0,0,,,1,3683.3,,156795.2,157756.74,156352.28,157750,989.6539999999804,,,2722.0300000000007,4676.830000000001,2427.8600000000006,4140.030000000001
1789200000,56.85,56.87,56.39,56.43,,59.45,55.87,55.15,58.24583732017626,55.83125769216791,,,0,0,0,0,0,0,0,0,0,0,,,1,2256.87,,157743.3,157818.26,157146.27,157208.24,-1088.3159999999916,,,4140.030000000001,4140.030000000001,3179.8800000000006,3186.7800000000007
1789201800,56.43,56.5,56.24,56.39,,59.45,55.91,55.15,58.2041233777812,55.836024999870205,,,0,0,0,0,0,0,0,0,0,0,,,1,1202.32,,157210.06,157437.51,156902.42,157414.42,230.12699999997858,,,3186.7800000000007,3304.4000000000005,2921.0500000000006,2954.8600000000006
1789203600,56.39,56.46,56,56.06,,59.45,55.91,55.15,58.19038900270007,55.83759464273662,,,0,0,0,0,0,0,0,0,0,0,,,1,2158,,157403.32,157403.32,156869.68,157089.76,289.23200000001816,,,2954.8600000000006,2990.0900000000006,2301.350000000001,2474.080000000001
1789205400,56.06,56.22,56.02,56.17,,59.45,55.91,55.15,58.14513565441045,55.842766453969716,,,0,0,0,0,0,0,0,0,0,0,,,1,2070.6,,157068.76,157194.22,156666.93,156880.02,1366.1020000000135,,,2474.080000000001,2529.2400000000007,1781.280000000001,2046.0600000000009
1789207200,56.17,56.4,56.11,56.35,,59.45,55.91,55.15,58.11436468814153,55.84628313582902,,,0,0,0,0,0,0,0,0,0,0,,,-1,865.05,,156878.25,156954.97,156641.64,156676.22,-1230.3740000000107,,,2046.0600000000009,2213.3200000000006,2009.3900000000008,2076.4700000000007
1789209000,56.35,56.35,56.1,56.14,,59.45,55.94,55.15,58.08079164803466,55.90012005469838,,,0,0,0,0,0,0,0,0,0,0,,,-1,1439.3,,156684.46,156684.46,156551.18,156552.18,381.9400000000023,,,2076.4700000000007,2076.4700000000007,1460.3700000000008,1870.9300000000007
1789210800,56.14,56.25,56.01,56.08,,59.45,55.94,55.15,58.04836668222114,55.90382576507706,,,0,0,0,0,0,0,0,0,0,0,,,-1,1167.15,,156552.15,156668.76,156321.98,156321.98,356.60999999998603,,,1870.9300000000007,1882.7300000000007,1262.5700000000006,1345.0800000000006
1789212600,56.08,56.28,56.02,56.19,,59.45,55.94,55.15,58.02075778539431,55.90698106757156,,,0,0,0,0,0,0,0,0,0,0,,,-1,1010.12,,156248.69,156270.8,155739.22,155740.14,715.5729999999749,,,1345.0800000000006,1684.8400000000006,1345.0800000000006,1676.0000000000005
1789214400,56.19,56.35,55.96,56.25,,59.45,55.94,55.15,58.011370952626535,55.9080538484593,,,0,0,0,0,0,0,0,0,0,0,,,-1,1892,,155741.11,155957.84,155457.06,155461.28,-141.1809999999823,,,1676.0000000000005,2009.3100000000004,1135.6700000000005,1402.6200000000006
1789216200,56.25,56.58,56.18,56.3,,59.45,55.94,55.15,58.0039046079136,55.908907144997926,,,0,0,0,0,0,0,0,0,0,0,,,-1,1821.15,,155463.42,155518.18,155130.63,155211.04,1828.6350000000093,,,1402.6200000000006,1644.0500000000006,1151.0600000000004,1290.0300000000002
1789218000,56.3,56.5,56.09,56.19,,59.45,55.94,55.15,57.9982215735373,55.90955663464093,,,0,0,0,0,0,0,0,0,0,0,,,-1,2315.16,,155202.52,155209.94,154689.86,154689.86,-1303.4479999999749,,,1290.0300000000002,1622.92,985.13,1185.2900000000002
1789219800,56.19,56.28,55.88,56.05,,59.45,55.94,55.15,57.99169447018788,55.79030258930944,,,0,0,0,0,0,0,0,0,0,0,,,-1,1488.68,,154672.96,154711.6,154467.74,154474.45,-799.3530000000028,,,1185.2900000000002,1467.3100000000004,1032.9,1276.7100000000005
1789221600,56.05,56.48,55.99,56.37,,59.45,55.94,55.15,57.99688358850628,55.78970954721591,,,0,0,0,0,0,0,0,0,0,0,,,-1,2041,,154472.6,154472.6,153680.6,153861.84,381.21999999997206,,,1276.7100000000005,2137.7500000000005,1254.2700000000004,2071.6300000000006
1789223400,56.37,56.48,56.16,56.25,,59.45,55.94,55.15,57.98045205551622,55.79158743670048,,,0,0,0,0,0,0,0,0,0,0,,,-1,1872.15,,153860.74,154903.12,153694.24,154642.6,-1105.554999999993,,,2071.6300000000006,2075.6000000000004,639.4100000000008,719.2000000000007
1789225200,56.25,56.47,56.11,56.42,,59.45,55.925,55.15,57.970194203454014,55.79275976265045,,,0,0,0,0,0,0,0,0,0,0,,,-1,3187.02,,154644.93,155095.04,154599.52,154811.26,-739.420999999973,,,719.2000000000007,1117.8000000000006,14.630000000001019,319.84000000000106
1789227000,56.42,56.5,56.16,56.2,,59.45,55.925,55.15,57.958169055110545,55.794134065318275,,,0,0,0,0,0,0,0,0,0,0,,,-1,2358.43,,154813.4,155014.76,154748.82,154770.06,-1333.2920000000158,,,319.84000000000106,882.0800000000012,-90.95999999999896,817.5900000000012
1789228800,56.2,56.26,55.66,55.92,,59.45,55.15,54.21,57.97950284593447,55.79169591779554,,,0,0,0,0,0,0,0,0,0,0,,,-1,2756.42,,154770.04,155577.42,154631.69,154942.23,-1534.0929999999935,,,817.5900000000012,817.5900000000012,-1323.5699999999988,-1231.949999999999
1789230600,55.92,55.94,55.57,55.87,,59.45,55.15,54.21,57.97056279455668,55.482717637953,,,0,0,0,0,0,0,0,0,0,0,,,-1,3501.54,,154937.01,155433.34,154529.84,155148.32,269.1479999999865,,,-1231.949999999999,-1226.8099999999988,-2319.619999999999,-2244.369999999999
1789232400,55.87,55.96,55.74,55.86,,59.45,55.15,54.21,57.95084212664543,55.48580923524207,,,0,0,0,0,0,0,0,0,0,0,,,-1,1855.66,,155148.88,155681.56,155133.58,155468.69,-316.0350000000326,,,-2244.369999999999,-1606.039999999999,-2334.649999999999,-1830.8899999999992
1789234200,55.86,55.91,55.63,55.83,,59.45,55.15,54.21,57.95084212664543,55.48782286129621,,,0,0,0,0,0,0,0,0,0,0,,,-1,975.09,,155404.74,155412.58,155019.56,155019.56,-50.52799999999115,,,-1830.8899999999992,-1735.3699999999992,-2316.129999999999,-2195.6599999999994
1789236000,55.83,55.83,55.54,55.58,,59.45,55.15,54.21,57.974842126645434,55.459549799775054,,,0,0,0,0,0,0,0,0,0,0,,,-1,1974.38,,155042.36,155414.12,154986.8,155332.4,986.2540000000154,,,-2195.6599999999994,-1731.5799999999995,-2426.6999999999994,-1790.2999999999993
1789237800,55.58,55.67,55.33,55.38,,59.45,55.15,54.21,57.95084212664543,55.250439099791116,,,0,0,0,0,0,0,0,0,0,0,,,-1,2756.19,,155332.14,155440.34,153935.16,153935.44,831.8950000000186,,,-1790.2999999999993,-302.6599999999992,-2080.9299999999994,-764.1499999999992
1789239600,55.38,55.51,55.3,55.37,,59.45,55.15,54.21,57.87952444084259,55.22312202123461,,,0,0,0,0,0,0,0,0,0,0,,,-1,1896.44,,153935.92,154193.98,153854.84,154193.98,249.1149999999907,,,-764.1499999999992,-615.549999999999,-979.699999999999,-651.2499999999991
1789241400,55.37,55.38,54.67,54.86,56.54,57.03,54.21,53.89,,,,,0,0,0,0,0,0,0,0,0,0,,,-1,5683.48,,154194.18,155132.82,153560.36,155109.22,687.4269999999669,,,-651.2499999999991,-651.2499999999991,-3498.0599999999995,-3180.1899999999996
1789243200,54.86,55.04,54.68,55,56.54,57.03,54.21,53.89,,,,,0,0,0,0,0,0,0,0,0,0,,,-1,4712.39,,155098.64,156799.04,154988.79,155798.12,390.52700000000186,,,-3180.1899999999996,-2690.2099999999996,-4654.889999999999,-3161.66
1789245000,55,55.12,54.82,54.83,56.54,57.03,54.21,53.89,,,,,0,0,0,0,0,0,0,0,0,0,,,-1,2844.04,,155797.96,156464.18,155627.4,156365.94,2346.3670000000275,,,-3161.66,-2733.85,-3633.33,-3506.0200000000004
1789246800,54.83,55.03,54.56,54.89,56.54,57.03,54.21,53.89,,,,,0,0,0,0,0,0,0,0,0,0,,,-1,3028.37,,156336.85,156934.24,156050.6,156420.94,-59.9199999999837,,,-3506.0200000000004,-2687.26,-3917.88,-3268.25
1789248600,54.89,55.09,54.84,54.99,56.54,57.03,54.21,53.89,,,,,0,0,0,0,0,0,0,0,0,0,,,-1,837.7,,156420.02,156458.96,156326.11,156367.8,142.73399999999674,,,-3268.25,-3039.94,-3307.87,-3133.07
1789250400,54.99,55.1,54.81,54.84,56.54,57.03,54.21,53.89,,,,,0,0,0,0,0,0,0,0,0,0,,,-1,1452.59,,156367.68,156514.64,156232.92,156432.48,-607.8230000000331,,,-3133.07,-2741.75,-3197.36,-3115.32
1789252200,54.84,54.89,54.69,54.76,56.54,57.03,54.56,54.21,,,,,0,0,0,0,0,0,0,0,0,0,,,-1,1289.75,,156462.66,156664,156440.77,156453.3,639.8090000000084,,,-3115.32,-3115.32,-3907.55,-3907.45
1789254000,54.76,54.83,54.7,54.74,56.54,57.03,54.56,54.21,,,,,0,0,0,0,0,0,0,0,0,0,,,-1,336.68,,156453.34,156516.61,156390.14,156396.6,215.3640000000014,,,-3907.45,-3878.98,-3980.95,-3979.1499999999996
1789255800,54.74,54.89,54.64,54.74,56.54,57.03,54.56,54.21,,,,,0,0,0,0,0,0,0,0,0,0,,,-1,913.7,,156396.14,156396.14,155903.56,155903.56,-746.6719999999623,,,-3979.1499999999996,-3975.2,-4251.629999999999,-4234.37
1789257600,54.74,55,54.57,54.93,56.54,57.03,54.56,54.21,,,,,0,0,0,0,0,0,0,0,0,0,,,-1,2646.23,,155929.04,156008.95,155761,155840.58,1326.0329999999958,,,0,934.8999999999999,-191.03,642.3899999999998
1789259400,54.93,55,54.68,54.88,56.54,57.03,54.56,54.21,,,,,0,0,0,0,0,0,0,0,0,0,,,-1,985.52,,155835.4,156269.06,155835.4,156038.18,256.47099999996135,,,642.3899999999998,1079.5099999999998,642.3899999999998,1018.1299999999998
1789261200,54.88,55.04,54.62,54.9,56.54,57.03,54.56,54.21,,,,,0,0,0,0,0,0,0,0,0,0,,,-1,2776.37,,156043.72,156043.72,155602.33,155928.79,3299.4380000000237,,,1018.1299999999998,1696.1,826.2699999999998,1075.3399999999997
1789263000,54.9,54.99,54.67,54.93,56.54,57.03,54.565,54.21,,,,,0,0,0,0,0,0,0,0,0,0,,,-1,1015.73,,155929.08,155985.74,155588.91,155595.89,1130.3939999999711,,,1075.3399999999997,1622.2699999999995,1024.9399999999996,1379.4099999999999
1789264800,54.93,54.95,54.65,54.66,56.54,57.03,54.565,54.21,,,,,0,0,0,0,0,0,0,0,0,0,,,-1,655.43,,155589.87,155589.87,155387.84,155545.31,-343.9789999999921,,,1379.4099999999999,1379.4099999999999,838.77,844.16
1789266600,54.66,54.95,54.47,54.79,55.04,56.54,54.21,53.89,,,,,0,0,0,0,0,0,0,0,0,0,,,-1,3038.91,,155544.47,155544.47,154553.41,154816.81,111.92499999998836,,,844.16,1272.94,545.3299999999999,627.0500000000001
1789268400,54.79,54.94,54.49,54.64,55.04,56.54,54.21,53.89,,,,,0,0,0,0,0,0,0,0,0,0,,,-1,2739.21,,154819.37,154885.15,153737.04,153762.24,-2093.1459999999497,,,627.0500000000001,1789.4,613.8100000000001,1677.3400000000001
1789270200,54.64,54.68,54.41,54.57,55.04,56.54,54.21,53.89,,,,,0,0,0,0,0,0,0,0,0,0,,,-1,1995.3,,153763.1,154173.99,153676.1,154051.32,-67.29800000000978,,,1677.3400000000001,2087.4900000000002,1480.3400000000001,1795.66
1789272000,54.57,55.45,54.5,55.34,56.54,57.03,54.21,53.89,,,,,0,0,0,0,0,0,0,0,0,0,,,-1,3533.74,,154050.22,154050.22,153596.37,153951.78,4147.601999999955,,,1795.66,4833.88,1768.3400000000001,4754.74
1789273800,55.34,55.52,55.1,55.2,56.54,57.03,54.21,53.89,,,,,0,0,0,0,0,0,0,0,0,0,,,1,2814.35,,153943.56,155408.76,153868.96,155361.94,146.21300000004703,,,4754.74,5878.1900000000005,4721.28,5278.55
1789275600,55.2,55.87,55.15,55.81,56.54,57.03,54.41,54.21,,,,,0,0,0,0,0,0,0,0,0,0,,,1,2893.83,,155353.7,155955.35,155134.01,155652.52,1034.8580000000075,,,5278.55,6779.200000000001,5170.16,6629.660000000001
1789277400,55.81,56.15,55.71,56.02,56.54,57.03,54.41,54.21,,,,,0,0,0,0,0,0,0,0,0,0,,,1,2258.94,,155640.38,155659.64,155328.72,155328.72,177.12999999994645,,,6629.660000000001,6760.010000000001,6163.780000000001,6218.000000000001
1789279200,56.02,56.03,55.54,55.7,56.54,57.03,54.41,54.21,,,,,0,0,0,0,0,0,0,0,0,0,,,1,1327.98,,155328.62,155441.02,155247.32,155259.04,-736.3519999999553,,,6218.000000000001,6218.000000000001,5459.920000000001,5703.360000000001
1789281000,55.7,55.77,55.31,55.5,56.54,57.03,54.41,54.21,,,,,0,0,0,0,0,0,0,0,0,0,,,1,2041.94,,155281.86,155284.84,154484.85,154506.42,-907.4230000000098,,,5703.360000000001,5754.380000000001,4449.67,4484
1789282800,55.5,55.78,55.42,55.6,56.15,56.54,54.41,54.21,,,,,0,0,0,0,0,0,0,0,0,0,,,1,1244.24,,154507.04,154523.3,154028.61,154031.57,-24.78100000001723,,,4484,4630.3,4222.35,4247.12
1789284600,55.6,55.6,55.04,55.08,56.15,56.54,54.41,54.21,,,,,0,0,0,0,0,0,0,0,0,0,,,1,3750.9,,154027,154074.05,153392.93,153750.11,-716.7920000000158,,,4247.12,4247.12,1863.58,1863.58
1789286400,55.08,55.11,54.3,54.36,56.15,56.54,54.21,53.89,,,,,0,0,0,0,0,0,0,0,0,0,,,1,3131.27,,153751.33,153859.45,153376.23,153534.82,-2782.1779999999562,,,1863.58,1863.58,128.61000000000013,128.61000000000013
1789288200,54.36,54.41,53.5,53.92,56.15,56.54,,,,,,,0,0,0,0,0,0,0,0,0,0,,,1,12081.57,,153501.64,153644.44,152214.22,152689.1,481.7820000000065,,,128.61000000000013,128.61000000000013,-8562.35,-8041.800000000001
1789290000,53.92,54.34,53.72,53.77,56.15,56.54,,,,,,,0,0,0,0,0,0,0,0,0,0,,,-1,5721.63,,152667,152843.78,151308.62,151580.66,-1356.7150000000256,,,-8041.800000000001,-6999.450000000001,-8454.630000000001,-8334.730000000001
1789291800,53.77,54.59,53.6,54.5,56.15,56.54,,,,,,,0,0,0,0,0,0,0,0,0,0,,,-1,11912.89,,151643.74,157258.51,151638.86,156260.24,-1484.7060000000056,,,-8334.730000000001,61.979999999997744,-8383.470000000001,-342.6000000000031
1789293600,54.5,54.59,54.3,54.5,56.15,56.54,53.5,,,,,,0,0,0,0,0,0,0,0,0,0,,,-1,1814.92,,156281.05,156281.05,154760.01,154781.62,288.7519999999786,,,-342.6000000000031,-342.6000000000031,-1013.5200000000029,-833.920000000003
1789295400,54.5,54.52,53.93,54.04,56.15,56.54,53.5,,,,,,0,0,0,0,0,0,0,0,0,0,,,-1,1951.32,,154788.51,154825.84,153637.95,153637.95,1267.1420000000508,,,-833.920000000003,-720.970000000003,-1630.6600000000028,-1502.200000000003
1789297200,54.04,54.34,54.04,54.09,56.15,56.54,53.5,,,,,,0,0,0,0,0,0,0,0,0,0,,,-1,1041,,153646.42,153660.37,153396.45,153414.73,235.65099999995437,,,-1502.200000000003,-1285.640000000003,-1621.7600000000032,-1621.7600000000032
1789299000,54.09,54.29,53.95,53.97,54.59,56.15,53.5,,,,,,0,0,0,0,0,0,0,0,0,0,,,-1,1775.35,,153414.81,153443.59,153113.27,153113.27,569.1870000000345,,,-1621.7600000000032,-1574.0300000000032,-2929.6100000000033,-2886.0300000000034
1789300800,53.97,54.09,53.87,53.99,54.59,56.15,53.5,,,,,,0,0,0,0,0,0,0,0,0,0,,,-1,1607.18,,153113.36,153379.33,153067.35,153128.37,-1258.179999999993,,,-2886.0300000000034,-2886.0300000000034,-3392.7900000000036,-3201.270000000003
1789302600,53.99,54.2,53.79,53.99,54.59,56.15,53.5,,,,,,0,0,0,0,0,0,0,0,0,0,,,-1,2994.19,,153127.01,153634.97,151941.29,152020.39,1001.8530000000028,,,-3201.270000000003,-2925.6300000000033,-4526.480000000003,-4332.200000000003
1789304400,53.99,53.99,53.27,53.36,54.59,56.15,,,,,,,0,0,0,0,0,0,0,0,0,0,,,-1,4023.29,,151997.07,151997.07,150878.23,151106.15,1345.536999999953,,,-4332.200000000003,-4332.200000000003,-6540.290000000003,-6159.690000000002
1789306200,53.36,54.27,53.33,53.98,54.59,56.15,,,,,,,0,0,0,0,0,0,0,0,0,0,,,-1,3600.19,,151139.99,151656.63,151062.21,151423.11,2005.244000000006,,,-6159.690000000002,-4431.330000000002,-6159.690000000002,-5420.240000000002
1789308000,53.98,54.46,53.95,54.39,54.59,56.15,,,,,,,0,0,0,0,0,0,0,0,0,0,,,-1,4083.39,,151426.39,152303.35,151345.63,151567.87,765.8720000000321,,,-5420.240000000002,-2900.8100000000018,-5431.5700000000015,-3666.050000000002
1789309800,54.39,54.55,54.17,54.29,54.59,56.15,53.27,,,,,,0,0,0,0,0,0,0,0,0,0,,,-1,3811.71,,151550.25,151847.07,151325.91,151660.69,211.01799999998184,,,-3666.050000000002,-3515.730000000002,-4325.140000000002,-3886.180000000002
1789311600,54.29,54.31,53.4,53.45,54.59,56.15,53.27,,,,,,0,0,0,0,0,0,0,0,0,0,,,1,4398.19,,151659.55,152051.04,151084.51,151090.44,1623.935999999987,,,-3886.180000000002,-3886.180000000002,-6011.510000000002,-5060.870000000001
1789313400,53.45,53.61,53.2,53.31,54.59,56.15,,,,,,,0,0,0,0,0,0,0,0,0,0,,,1,2884.49,,151159.68,151723.8,151018.19,151231.05,2709.6290000000154,,,-5060.870000000001,-5060.870000000001,-6240.370000000001,-5699.660000000001
1789315200,53.31,53.92,53.28,53.73,54.57,56.15,,,,,,,0,0,0,0,0,0,0,0,0,0,,,1,3902.91,,151234.72,152104.49,150978.61,152090.71,-2132.7609999999986,,,-5699.660000000001,-3303.1000000000004,-5699.660000000001,-3818.15
1789317000,53.73,54.11,53.6,54.04,54.57,56.15,,,,,,,0,0,0,0,0,0,0,0,0,0,,,-1,2036.35,,152090.29,152595.08,151976.95,152367.63,-2117.168000000005,,,-3818.15,-3159.54,-3917.2200000000003,-3233.34
1789318800,54.04,55.07,54.04,54.86,56.15,56.54,53.2,,,,,,0,0,0,0,0,0,0,0,0,0,,,-1,8630.51,,152369.03,153424.01,152269.03,152494.87,-1660.484999999986,,,-3233.34,-1213.8399999999992,-4748.450000000001,-1432.3699999999994
1789320600,54.86,54.86,54.48,54.7,56.15,56.54,53.2,,,,,,0,0,0,0,0,0,0,0,0,0,,,1,3626.14,,152528.77,152623.09,151816.59,152163.49,-1274.8850000000093,,,-1432.3699999999994,-732.0599999999997,-2016.0499999999995,-839.8499999999997
1789322400,54.7,54.79,54.58,54.61,56.15,56.54,53.2,,,,,,0,0,0,0,0,0,0,0,0,0,,,1,753.2,,152161,152184.05,152044.17,152136.83,-194.98599999997532,,,-839.8499999999997,-733.4599999999996,-1009.1399999999996,-755.3499999999997
1789324200,54.61,54.98,54.6,54.82,55.07,56.15,53.2,,,,,,0,0,0,0,0,0,0,0,0,0,,,1,1660.6,,152165.73,152616.87,152163.13,152554.84,-452.86000000004424,,,-755.3499999999997,262.80999999999995,-755.3499999999997,229.09000000000015
1789326000,54.82,54.93,54.21,54.22,55.07,56.15,53.2,,,,,,0,0,0,0,0,0,0,0,0,0,,,1,1860.2,,152553.87,153136.46,152368.11,153105.04,-1189.7029999999795,,,229.09000000000015,796.2600000000002,-51.069999999999595,-51.069999999999595
1789327800,54.22,54.25,54.02,54.11,55.07,56.15,53.2,,,,,,0,0,0,0,0,0,0,0,0,0,,,1,942.21,,153107.38,153174.9,153016.63,153172.8,-472.1840000000084,,,-51.069999999999595,25.35000000000042,-179.24999999999957,3.6800000000004616
1789329600,54.11,54.48,54.11,54.47,55.07,56.15,53.2,,,,,,0,0,0,0,0,0,0,0,0,0,,,1,1311.84,,153172.72,153238.8,152557.1,152557.1,-53.98699999996461,,,3.6800000000004616,424.01000000000045,3.6800000000004616,75.96000000000043
1789331400,54.47,54.83,54.4,54.76,55.07,56.15,53.2,,,,,,0,0,0,0,0,0,0,0,0,0,,,1,1263.84,,152558.3,152558.3,152310.26,152357.2,-224.21199999999953,,,75.96000000000043,542.1400000000003,-14.04999999999957,492.74000000000046
1789333200,54.76,54.84,54.56,54.64,55.07,56.15,54.02,53.2,,,,,0,0,0,0,0,0,0,0,0,0,,,1,789.7,,152356.96,152504.15,152343.02,152380.34,-470.6710000000312,,,492.74000000000046,502.38000000000045,174.55000000000047,439.64000000000044
1789335000,54.64,54.68,54.21,54.27,55.07,56.15,54.02,53.2,,,,,0,0,0,0,0,0,0,0,0,0,,,1,1215.96,,152380.75,153091.06,152363.57,153090.04,356.579000000027,,,439.64000000000044,458.58000000000044,-467.41999999999973,-451.5799999999997
1789336800,54.27,54.27,52.66,52.95,55.07,56.15,,,,,,,0,0,0,0,0,0,0,0,0,0,,,1,11226.99,,153097.2,153202.53,149386.93,149574.35,19.507999999972526,,,-451.5799999999997,-451.5799999999997,-7200.139999999999,-6640.329999999999
1789338600,52.95,53.17,52.61,52.92,54.84,55.07,,,,,,,0,0,0,0,0,0,0,0,0,0,,,1,4073.94,,149569.1,150739.7,149560.6,150403.55,-1839.8859999999986,,,-6640.329999999999,-5650.34,-7021.369999999999,-5791.55
1789340400,52.92,53.28,52.79,52.98,54.84,55.07,,,,,,,0,0,0,0,0,0,0,0,0,0,,,-1,4238.07,,150392.04,150825.62,150028.67,150423.01,822.2889999999898,,,-5791.55,-5239.79,-7405.8,-6916.96
1789342200,52.98,53.25,52.86,52.96,54.84,55.07,,,,,,,0,0,0,0,0,0,0,0,0,0,,,-1,2398.54,,150442.17,150631.43,150262.1,150349.98,-2062.969999999972,,,-6916.96,-6595.74,-7630.58,-7617.040000000001
1789344000,52.96,53.56,52.79,52.92,54.84,55.07,52.61,,,,,,0,0,0,0,0,0,0,0,0,0,,,-1,3000.83,,150345.57,151165.37,150285.91,151154.7,-3602.7729999999865,,,0,782.8399999999999,-276.77,-66.69000000000005
1789345800,52.92,53.48,52.89,53.36,54.84,55.07,52.61,,,,,,0,0,0,0,0,0,0,0,0,0,,,-1,1448.9,,151148.9,151247.36,150979.9,151090.01,-682.5800000000163,,,-66.69000000000005,635.9,-66.69000000000005,546.7099999999998
1789347600,53.36,53.41,52.83,52.96,54.84,55.07,52.61,,,,,,0,0,0,0,0,0,0,0,0,0,,,-1,1971.1,,151102.05,151469.52,150910.22,151432.77,446.89299999998184,,,546.7099999999998,579.2299999999998,-768.6900000000003,-476.69000000000017
1789349400,52.96,53.7,52.66,53.64,54.84,55.07,52.61,,,,,,0,0,0,0,0,0,0,0,0,0,,,-1,2078.3,,151420.29,151578.99,150945.53,150945.53,1202.8099999999977,,,-476.69000000000017,-358.54000000000013,-1140.7600000000002,-843.8500000000001
1789351200,53.64,54.14,53.38,54.05,54.84,55.07,52.61,,,,,,0,0,0,0,0,0,0,0,0,0,,,-1,2548.89,,150949.95,151136.35,150705.58,150991.61,1087.725000000035,,,-843.8500000000001,-38.950000000000045,-1216.65,-109.63999999999999
1789353000,54.05,54.28,53.91,54.13,54.84,55.07,52.61,,,,,,0,0,0,0,0,0,0,0,0,0,,,-1,1994.89,,150993.39,151012.83,150082.93,150088.17,5272.069999999949,,,-109.63999999999999,-62.609999999999985,-705.89,-114.92999999999984
1789354800,54.13,54.55,54.09,54.43,54.84,55.07,52.635,,,,,,0,0,0,0,0,0,0,0,0,0,,,-1,1658.97,,150087.47,150344.17,149946.27,150335.41,735.9340000000084,,,-114.92999999999984,326.5200000000003,-149.76999999999975,298.7000000000003
1789356600,54.43,54.43,54.06,54.26,54.84,55.07,52.635,,,,,,0,0,0,0,0,0,0,0,0,0,,,-1,1803.15,,150306.35,150411.77,150073.18,150409.61,61.43400000000838,,,298.7000000000003,730.0400000000004,218.60000000000028,573.2900000000003
1789358400,54.26,55.17,54.23,54.81,56.15,56.54,52.635,,,,,,0,0,0,0,0,0,0,0,0,0,,,-1,4036.73,,150409.73,150884.47,150107.51,150156.99,-1519.9459999999963,,,573.2900000000003,2495.6800000000003,541.0400000000003,1453.0400000000004
1789360200,54.81,54.91,54.23,54.28,56.15,56.54,52.635,,,,,,0,0,0,0,0,0,0,0,0,0,,,1,2544.47,,150150.86,151501.09,150118.93,151446.69,-912.4400000000023,,,1453.0400000000004,1847.9300000000003,399.5600000000004,539.6900000000004
1789362000,54.28,54.3,54,54.01,56.15,56.54,52.635,,,,,,0,0,0,0,0,0,0,0,0,0,,,1,2655.44,,151454.57,153461.58,151402.52,153338.7,-1187.7880000000005,,,539.6900000000004,539.6900000000004,-1290.6,-1286.1299999999997
1789363800,54.01,54.84,54.01,54.07,55.17,56.15,52.635,,,,,,0,0,0,0,0,0,0,0,0,0,,,1,2403.74,,153337.92,153505.27,152889.02,153051.76,1846.853999999992,,,-1286.1299999999997,-82.59999999999945,-1286.1299999999997,-417.44999999999914
1789365600,54.07,54.69,54.07,54.1,55.17,56.15,52.635,,,,,,0,0,0,0,0,0,0,0,0,0,,,1,1453.47,,153051.08,153773.52,153010.92,153743.44,-740.994000000006,,,-417.44999999999914,-106.71999999999912,-535.8799999999991,-535.8799999999991
1789367400,54.1,54.51,53.91,54.14,55.17,56.15,52.635,,,,,,0,0,0,0,0,0,0,0,0,0,,,1,2633.11,,153740.58,154373.98,153512.58,154328,-713.8969999999972,,,-535.8799999999991,-218.9999999999991,-747.2499999999991,-453.5099999999992
1789369200,54.14,54.39,54.06,54.06,55.17,56.15,52.635,,,,,,0,0,0,0,0,0,0,0,0,0,,,1,1045.29,,154331.48,154383.34,154182.02,154264.57,-292.34599999996135,,,-453.5099999999992,-304.8499999999992,-672.2499999999993,-487.6999999999992
1789371000,54.06,54.36,53.86,54.11,55.17,56.15,52.635,,,,,,0,0,0,0,0,0,0,0,0,0,,,1,3378.84,,154260.42,154407.54,153855.75,153907.34,-2335.4610000000102,,,-487.6999999999992,460.14000000000095,-1041.559999999999,132.16000000000048
1789372800,54.11,54.42,53.97,54.1,55.17,56.15,52.635,,,,,,0,0,0,0,0,0,0,0,0,0,,,1,3737.62,,153906.97,154095.16,153505.34,153972.52,695.5370000000112,,,132.16000000000048,304.2600000000006,-612.7999999999993,-612.7999999999993
1789374600,54.1,54.23,53.97,54.19,55.17,56.15,52.635,,,,,,0,0,0,0,0,0,0,0,0,0,,,1,2269.7,,153967.46,154702.14,153855.51,154412,-446.7050000000163,,,-612.7999999999993,780.2300000000007,-612.7999999999993,714.4000000000003
1789376400,54.19,54.32,53.7,54,55.17,56.15,52.635,,,,,,0,0,0,0,0,0,0,0,0,0,,,1,4560.93,,154410.08,154951.76,153395.32,153545.97,-1841.4560000000056,,,714.4000000000003,730.3300000000003,-628.9399999999998,135.91000000000008
1789378200,54,54.86,53.85,54.49,55.17,56.15,52.635,,,,,,0,0,0,0,0,0,0,0,0,0,,,1,5373.92,,153546.02,156372.18,153447.06,156314.56,-695.5709999999963,,,135.91000000000008,2679.08,47.360000000000014,1154.03
1789380000,54.49,54.62,54.17,54.28,55.17,56.15,52.635,,,,,,0,0,0,0,0,0,0,0,0,0,,,-1,2862.1,,156320.38,157250.7,156313.22,156902.76,-817.0219999999972,,,1154.03,1985.9099999999999,491.96000000000026,573.4900000000002
1789381800,54.28,54.76,54.25,54.32,55.17,56.15,53.7,52.635,,,,,0,0,0,0,0,0,0,0,0,0,,,-1,2712.88,,156898.38,157718.36,156787.26,157587.92,-477.8379999999888,,,573.4900000000002,656.6300000000002,-325.3299999999998,-289.3700000000001
1789383600,54.32,54.43,54.04,54.26,54.86,55.17,53.7,52.635,,,,,0,0,0,0,0,0,0,0,0,0,,,-1,1892.38,,157584.5,157584.5,156905.7,157401.46,-1017.38400000002,,,-289.3700000000001,163.70999999999987,-511.4100000000001,-413.83000000000004
1789385400,54.26,54.3,53.92,54.22,54.86,55.17,53.7,52.635,,,,,0,0,0,0,0,0,0,0,0,0,,,-1,3419.08,,157354.44,157355.82,156210.44,156483.78,-408.625,,,-413.83000000000004,-325.37000000000046,-1910.7600000000002,-325.37000000000046
1789387200,54.22,54.51,54.12,54.5,54.86,55.17,53.7,52.635,,,,,0,0,0,0,0,0,0,0,0,0,,,-1,1853.71,,156483.54,156483.54,156023.08,156243.44,263.8070000000298,,,-325.37000000000046,-261.90000000000066,-880.5000000000006,-261.90000000000066
1789389000,54.5,54.59,53.35,53.39,54.86,55.17,52.635,,,,,,0,0,0,0,0,0,0,0,0,0,,,-1,4829.44,,156244.56,157493.63,155761.1,157141.75,-223.1270000000368,,,-261.90000000000066,-219.73000000000067,-3730.1000000000004,-3614.940000000001
1789390800,53.39,53.59,52.88,53.45,54.86,55.17,52.635,,,,,,0,0,0,0,0,0,0,0,0,0,,,-1,4477.26,,157136.54,157532.71,156820.56,157343.5,-1164.5050000000047,,,-3614.940000000001,-3614.940000000001,-6142.790000000001,-5749.060000000001
1789392600,53.45,54.47,53.44,53.81,54.86,55.17,52.635,,,,,,0,0,0,0,0,0,0,0,0,0,,,-1,11874.69,,157349.4,157349.4,153575.75,156096.47,-3613.9709999999614,,,-5749.060000000001,-1785.750000000001,-5749.060000000001,-5619.21
1789394400,53.81,54.22,53.54,53.86,54.59,54.86,52.635,,,,,,0,0,0,0,0,0,0,0,0,0,,,-1,5306.34,,156090.51,157756.09,155892.43,157669.81,1295.9539999999688,,,-5619.21,-5091.25,-8208.18,-8009.09
1789396200,53.86,54.15,53.58,53.77,54.59,54.86,52.88,52.635,,,,,0,0,0,0,0,0,0,0,0,0,,,-1,3593.71,,157676.76,158298.63,157557.1,158264.29,590.5040000000154,,,-8009.09,-6727.42,-8033.03,-7472.04
1789398000,53.77,54.05,53.55,53.84,54.59,54.86,52.88,52.635,,,,,0,0,0,0,0,0,0,0,0,0,,,-1,4073.13,,158203.91,158247.39,155926.39,156204.87,860.5219999999972,,,-7472.04,-6520.959999999999,-8041.21,-6524.009999999999
1789399800,53.84,54.21,53.8,53.97,54.59,54.86,52.88,52.635,,,,,0,0,0,0,0,0,0,0,0,0,,,-1,5764.07,,156456.42,157204.97,156113.53,157127.12,337.14399999997113,,,-6524.009999999999,-5050.769999999999,-6524.009999999999,-5712.119999999999
1789401600,53.97,54.93,53.87,54.47,55.17,56.15,52.88,52.635,,,,,0,0,0,0,0,0,0,0,0,0,,,-1,5875.95,,157126.39,158947.39,156549.33,158947.39,4502.281000000017,,,-5712.119999999999,-4052.129999999999,-5979.5599999999995,-5562.529999999999
1789403400,54.47,54.89,54.31,54.57,55.17,56.15,52.88,52.635,,,,,0,0,0,0,0,0,0,0,0,0,,,1,2462.7,,158946.76,158958.08,158217.21,158217.21,-1421.3859999999986,,,-5562.529999999999,-4575.199999999999,-5771.249999999999,-4941.009999999998
1789405200,54.57,54.91,54.38,54.82,55.17,56.15,52.88,52.635,,,,,0,0,0,0,0,0,0,0,0,0,,,1,3800.05,,158204.27,158737.99,157986.87,158249.24,-291.68599999998696,,,-4941.009999999998,-4941.009999999998,-6209.309999999999,-5102.859999999998
1789407000,54.82,55.29,54.54,55.1,56.15,56.54,52.88,52.635,,,,,0,0,0,0,0,0,0,0,0,0,,,1,5617.82,,158199.08,159014.49,158199.08,158813.09,-985.1630000000005,,,-5102.859999999998,-4010.5799999999977,-5442.099999999998,-5080.819999999998
1789408800,55.1,55.73,55,55.56,56.15,56.54,52.88,52.635,,,,,0,0,0,0,0,0,0,0,0,0,,,1,9882.49,,158810.01,159037.43,157838.49,158103.98,-414.39400000002934,,,-5080.819999999998,595.1100000000024,-5261.499999999998,291.1700000000028
1789410600,55.56,55.75,55.05,55.42,56.15,56.54,52.88,52.635,,,,,0,0,0,0,0,0,0,0,0,0,,,1,9103.6,,158103.38,160621.17,158086.03,160561.37,-3780.0939999999828,,,291.1700000000028,1710.6300000000028,-1227.7899999999977,1710.6300000000028
1789412400,55.42,55.45,54.79,55.06,56.15,56.54,52.88,52.635,,,,,0,0,0,0,0,0,0,0,0,0,,,1,4721.72,,160519.61,160519.61,159144.45,159154.45,511.7050000000163,,,1710.6300000000028,3322.100000000003,991.8800000000028,3247.8300000000027
1789414200,55.06,55.1,54.6,55,56.15,56.54,52.88,52.635,,,,,0,0,0,0,0,0,0,0,0,0,,,1,3470.39,,159156.69,159156.69,157392.31,157512.77,-8.695999999996275,,,3247.8300000000027,3247.8300000000027,1456.1400000000026,1738.300000000003
1789416000,55,56.12,54.92,56.06,56.15,56.54,52.88,52.635,,,,,0,0,0,0,0,0,0,0,0,0,,,1,6977.34,,157512.33,157796.47,155942.89,157139.24,2570.4649999999674,,,1738.300000000003,3582.040000000003,868.0800000000031,3582.040000000003
1789417800,56.06,56.51,55.2,55.3,56.54,57.03,52.88,52.635,58.144437142000825,54.23615265725535,,,0,0,0,0,0,0,0,0,0,0,,,1,11898.32,,157124.33,159822.71,156161.41,158174.93,111.42499999998836,,,3582.040000000003,7534.980000000003,3582.040000000003,3955.160000000001
1789419600,55.3,55.38,54.2,54.37,56.54,57.03,52.88,52.635,58.464437142000826,54.04957032459426,,,0,0,0,0,0,0,0,0,0,0,,,1,7675.36,,158158.01,159454.93,156058.52,156329.06,-3605.697999999975,,,3955.160000000001,3955.160000000001,-618.1899999999991,-62.63999999999896
1789421400,54.37,54.41,53.98,54.06,56.54,57.03,52.88,52.635,,,,,0,0,0,0,0,0,0,0,0,0,,,1,2692.62,,156327.05,156369.08,155651.96,155762.04,-90.62599999998929,,,-62.63999999999896,191.100000000001,-1233.299999999999,-1209.639999999999
1789423200,54.06,54.4,53.85,53.96,56.53,57.03,52.88,52.635,,,,,0,0,0,0,0,0,0,0,0,0,,,1,4222.75,,155753.37,155753.37,154400.48,154927.44,669.350999999966,,,-1209.639999999999,728.3900000000008,-1246.669999999999,610.4500000000005
1789425000,53.96,54,53.76,53.83,56.53,57.03,52.88,52.635,,,,,0,0,0,0,0,0,0,0,0,0,,,1,2398.65,,154926.5,155401.4,154749.28,154749.28,0.13400000002002344,,,610.4500000000005,629.4600000000005,-459.6999999999996,-459.6999999999996
1789426800,53.83,53.87,53.49,53.56,56.53,57.03,52.88,52.635,,,,,0,0,0,0,0,0,0,0,0,0,,,-1,3081.49,,154738.79,154919.72,153530.48,153530.48,318.4180000000051,,,-459.6999999999996,-459.6999999999996,-2688.5499999999993,-2688.5499999999993
1789428600,53.56,53.79,53.45,53.78,56.53,57.03,52.88,52.635,,,,,0,0,0,0,0,0,0,0,0,0,,,-1,2012.48,,153655.93,153673.67,153121.39,153487.99,-148.20000000001164,,,-2688.5499999999993,-1981.229999999999,-2701.749999999999,-1981.229999999999
1789430400,53.78,53.94,53.7,53.73,56.53,57.03,52.88,52.635,,,,,0,0,0,0,0,0,0,0,0,0,,,-1,1839.5,,153492.61,153492.61,152461.25,152750.67,-402.82600000000093,,,0,618.2699999999996,0,570.8799999999997
1789432200,53.73,54.13,53.71,54.09,56.53,57.03,52.88,52.635,,,,,0,0,0,0,0,0,0,0,0,0,,,-1,3971.42,,152750.16,155430.43,152436.22,155207.77,266.945000000007,,,570.8799999999997,1831.1899999999996,-54.480000000000246,1734.5199999999995
1789434000,54.09,54.18,53.8,53.94,56.53,57.03,53.45,52.88,,,,,0,0,0,0,0,0,0,0,0,0,,,-1,1207.24,,155208.39,155311.11,154760.07,154802.96,-86.68599999998696,,,1734.5199999999995,1796.2299999999993,1412.1599999999994,1747.0599999999993
1789435800,53.94,54.12,53.78,53.8,56.53,57.03,53.45,52.88,,,,,0,0,0,0,0,0,0,0,0,0,,,-1,2193.51,,154803.06,155742.62,154783.43,155049.2,-311.8979999999865,,,1747.0599999999993,2354.3899999999994,1216.7599999999993,1234.989999999999
1789437600,53.8,53.87,53.32,53.43,56.53,57.03,52.88,52.635,,,,,0,0,0,0,0,0,0,0,0,0,,,-1,1721,,155047.9,155047.9,154667.73,154670.89,-427.9980000000214,,,1234.989999999999,1254.499999999999,411.82999999999925,411.82999999999925
1789439400,53.43,53.78,53.38,53.65,54.18,56.53,52.88,52.635,51.86889451254846,54.290146657375,,,0,0,0,1,0,0,0,0,0,0,,,-1,1480.28,,154654.93,154782.89,154564.23,154564.45,-330.66700000001583,,,411.82999999999925,592.0899999999992,88.18999999999937,88.18999999999937
1789441200,53.65,53.65,52.94,53.33,54.18,56.53,52.88,52.635,51.84067776457967,54.292421896133924,,,0,0,0,0,0,0,0,0,0,0,,,-1,3049.88,,154565.05,154615.31,153777.65,153879.61,2174.1840000000084,,,88.18999999999937,88.18999999999937,-2169.8500000000004,-1948.7700000000007
1789443000,53.33,53.72,53.24,53.34,54.18,56.53,52.88,52.635,51.84067776457967,54.291248903552926,,,0,0,0,0,0,0,0,0,0,0,,,-1,1342.61,,153879.41,153953.15,153770.14,153873.53,120.29800000000978,,,-1948.7700000000007,-1798.0100000000007,-2657.9900000000007,-2569.080000000001
1789444800,53.34,53.49,53.16,53.32,54.18,56.53,52.88,52.635,51.88753042321211,54.28801683901344,,,0,0,0,0,0,0,0,0,0,0,,,-1,2463.56,,153870.77,154074.7,153620.23,153639.56,-197.30900000000838,,,-2569.080000000001,-2400.2800000000007,-3065.100000000001,-3065.100000000001
1789446600,53.32,53.62,53.23,53.39,54.18,56.53,52.88,52.635,51.90629094759551,54.2858727790839,,,0,0,0,0,0,0,0,0,0,0,,,-1,1353.0800000000002,,153637.59,154064.13,153620.47,153967.76,-240.19799999997485,,,-3065.100000000001,-2603.190000000001,-3073.9700000000007,-2634.420000000001
1789448400,53.39,53.47,52.89,52.97,54.18,56.53,52.88,52.635,51.89996143452295,54.28659615200648,,,0,0,0,0,0,0,0,0,0,0,,,-1,1430.57,,153967.01,153967.01,153427.48,153648.96,-1466.405000000028,,,-2634.420000000001,-2532.500000000001,-3338.8500000000013,-3338.8500000000013